k,Player,Age,Team,Lg,WAR,G,PA,AB,R,H,2B,3B,HR,RBI,SB,CS,BB,SO,BA,OBP,SLG,OPS,OPS+,rOBA,Rbat+,TB,GIDP,HBP,SH,SF,IBB,Pos
1,Jarren Duran*,27,BOS,AL,8.7,160,735,671,111,191,48,14,21,75,34,7,54,160,0.285,0.342,0.492,0.834,129,0.373,134,330,6,6,1,3,1,OF
2,Shohei Ohtani*,29,LAD,NL,9.2,159,731,636,134,197,38,7,54,130,59,4,81,162,0.31,0.39,0.646,1.036,190,0.449,190,411,7,6,0,5,10,DH
3,Gunnar Henderson*,23,BAL,AL,9.1,159,719,630,118,177,31,7,37,92,21,4,78,159,0.281,0.364,0.529,0.893,159,0.385,157,333,2,7,0,4,1,SS
4,Marcus Semien,33,TEX,AL,4.1,159,718,650,101,154,27,2,23,74,8,3,64,105,0.237,0.308,0.391,0.699,100,0.31,100,254,9,3,0,1,2,2B
5,Juan Soto*,25,NYY,AL,7.9,157,713,576,128,166,31,4,41,109,7,4,129,119,0.288,0.419,0.569,0.989,178,0.424,179,328,10,4,0,4,2,OF
6,Bobby Witt Jr.,24,KCR,AL,9.4,161,709,636,125,211,45,11,32,109,31,12,57,106,0.332,0.389,0.588,0.977,171,0.416,171,374,4,8,0,8,9,SS
7,Aaron Judge,32,NYY,AL,10.8,158,704,559,122,180,36,1,58,144,10,0,133,171,0.322,0.458,0.701,1.159,223,0.484,223,392,22,9,0,2,20,OF
8,Vladimir Guerrero Jr.,25,TOR,AL,6.2,159,697,616,98,199,44,1,30,103,2,2,72,96,0.323,0.396,0.544,0.94,166,0.399,165,335,16,5,0,4,12,1B
9,Elly De La Cruz#,22,CIN,NL,5.2,160,696,618,105,160,36,10,25,76,67,16,69,218,0.259,0.339,0.471,0.809,119,0.367,122,291,12,6,2,1,2,SS
10,Pete Alonso,29,NYM,NL,2.6,162,695,608,91,146,31,0,34,88,3,0,70,172,0.24,0.329,0.459,0.788,123,0.341,122,279,14,13,0,4,4,1B
11,Ezequiel Tovar,22,COL,NL,3.8,157,695,655,83,176,45,4,26,78,6,5,23,200,0.269,0.295,0.469,0.763,103,0.325,99,307,16,4,5,7,1,SS
12,Bryan Reynolds#,29,PIT,NL,3.6,156,692,622,73,171,29,3,24,88,10,2,57,156,0.275,0.344,0.447,0.791,119,0.355,125,278,7,10,0,3,3,OF
13,Kyle Schwarber*,31,PHI,NL,3.5,150,692,573,110,142,22,0,38,104,5,3,106,197,0.248,0.366,0.485,0.851,137,0.367,137,278,6,5,0,8,4,DH
14,Francisco Lindor#,30,NYM,NL,6.9,152,689,618,107,169,39,1,33,91,29,4,56,127,0.273,0.344,0.5,0.844,138,0.373,141,309,7,12,0,3,0,SS
15,Anthony Volpe,23,NYY,AL,3.4,160,689,637,90,155,27,7,12,60,28,7,42,156,0.243,0.293,0.364,0.657,86,0.296,84,232,9,4,2,3,1,SS
16,Willy Adames,28,MIL,NL,3.1,161,688,610,93,153,33,0,32,112,21,4,74,173,0.251,0.331,0.462,0.794,118,0.348,117,282,12,1,0,3,3,SS
17,Marcell Ozuna,33,ATL,NL,4.3,162,688,606,96,183,31,0,39,104,1,0,74,170,0.302,0.378,0.546,0.925,154,0.394,154,331,23,3,0,4,2,DH
18,Matt Olson*,30,ATL,NL,3.8,162,685,600,78,148,37,1,29,98,0,0,71,170,0.247,0.333,0.457,0.79,118,0.342,117,274,15,9,0,5,5,1B
19,Corbin Carroll*,23,ARI,NL,3.4,158,684,589,121,136,22,14,22,74,35,8,73,130,0.231,0.322,0.428,0.749,107,0.333,106,252,3,10,3,9,0,OF
20,Jose Altuve,34,HOU,AL,3.4,153,682,628,94,185,31,0,20,65,22,7,47,119,0.295,0.35,0.439,0.79,126,0.348,126,276,15,7,0,0,2,2B
21,José Ramírez#,31,CLE,AL,6.8,158,682,620,114,173,39,2,39,118,41,7,54,82,0.279,0.335,0.537,0.872,143,0.376,140,333,9,1,0,6,12,3B
22,William Contreras,26,MIL,NL,4.9,155,679,595,99,167,37,2,23,92,9,2,78,139,0.281,0.365,0.466,0.831,129,0.361,129,277,19,3,0,3,5,C
23,Luis Arráez*,27,2TM,NL,1,150,672,637,83,200,32,3,4,46,9,3,24,29,0.314,0.346,0.392,0.739,106,0.327,104,250,18,8,2,1,3,UTIL
24,Jurickson Profar#,31,SDP,NL,3.6,158,668,564,94,158,29,0,24,85,10,3,76,101,0.28,0.38,0.459,0.839,134,0.369,137,259,14,18,5,5,4,OF
25,Anthony Santander#,29,BAL,AL,2.9,155,665,595,91,140,25,2,44,102,2,0,58,129,0.235,0.308,0.506,0.814,134,0.346,131,301,9,7,0,5,3,OF
26,Gleyber Torres,27,NYY,AL,1.8,154,665,587,80,151,26,0,15,63,4,3,65,136,0.257,0.33,0.378,0.709,101,0.318,103,222,6,3,2,8,0,2B
27,Brandon Nimmo*,31,NYM,NL,2.2,151,663,571,88,128,25,3,23,90,15,0,77,158,0.224,0.327,0.399,0.727,107,0.331,111,228,7,12,0,3,1,OF
28,Taylor Ward,30,LAA,AL,2.3,156,663,585,73,144,26,2,25,75,6,4,63,163,0.246,0.323,0.426,0.748,111,0.329,111,249,11,7,0,8,0,OF
29,Nick Castellanos,32,PHI,NL,0.8,162,659,606,80,154,30,4,23,86,6,2,41,139,0.254,0.311,0.431,0.742,106,0.327,108,261,14,10,0,2,2,OF
30,Ian Happ#,29,CHC,NL,3.9,153,657,569,89,138,34,2,25,86,13,2,80,168,0.243,0.341,0.441,0.782,120,0.345,121,251,7,6,0,2,1,OF
31,Jake Cronenworth*,30,SDP,NL,1.9,155,656,577,72,139,29,3,17,83,5,2,61,118,0.241,0.324,0.39,0.714,99,0.319,101,225,19,11,1,3,0,1B
32,Spencer Steer,26,CIN,NL,1.5,158,656,574,74,129,34,4,20,92,25,3,72,137,0.225,0.319,0.402,0.721,96,0.331,99,231,5,8,0,2,1,UTIL
33,Paul Goldschmidt,36,STL,NL,1.3,154,654,599,70,147,33,1,22,65,11,0,47,173,0.245,0.302,0.414,0.716,98,0.326,104,248,20,2,0,2,2,1B
34,Brendan Donovan*,27,STL,NL,2.6,153,652,587,65,163,34,3,14,73,5,5,47,81,0.278,0.342,0.417,0.759,112,0.332,112,245,4,13,0,5,0,UTIL
35,Teoscar Hernández,31,LAD,NL,4.3,154,652,589,84,160,32,2,33,99,12,3,53,188,0.272,0.339,0.501,0.84,137,0.368,141,295,7,8,0,1,3,OF
36,Salvador Perez,34,KCR,AL,2.5,158,652,590,58,160,28,0,27,104,0,0,44,129,0.271,0.33,0.456,0.786,119,0.339,116,269,17,11,0,6,9,C
37,Jeremy Peña,26,HOU,AL,4.1,157,650,602,78,160,28,2,15,70,20,6,25,111,0.266,0.308,0.394,0.701,100,0.311,99,237,15,14,3,6,1,SS
38,Randy Arozarena,29,2TM,AL,1.7,154,648,549,77,120,33,0,20,60,20,10,73,169,0.219,0.332,0.388,0.72,109,0.323,113,213,7,22,0,4,0,OF
39,Matt Chapman,31,SFG,NL,7.1,154,647,575,98,142,39,2,27,78,15,2,64,158,0.247,0.328,0.463,0.79,125,0.351,129,266,13,6,0,2,3,3B
40,Ryan McMahon*,29,COL,NL,2.5,153,645,567,68,137,28,0,20,65,4,6,69,185,0.242,0.325,0.397,0.722,95,0.311,90,225,9,3,0,4,4,3B
41,Manny Machado,31,SDP,NL,3.1,152,643,593,77,163,30,0,29,105,11,2,45,124,0.275,0.325,0.472,0.797,120,0.344,118,280,25,1,0,4,6,3B
42,JJ Bleday*,26,OAK,AL,2.1,159,642,572,74,139,43,4,20,60,2,3,67,125,0.243,0.324,0.437,0.762,120,0.333,121,250,8,2,1,0,2,OF
43,Nico Hoerner,27,CHC,NL,3.7,151,641,582,86,159,35,1,7,48,31,6,44,66,0.273,0.335,0.373,0.708,101,0.327,105,217,8,12,0,3,1,SS
44,Isaac Paredes,25,2TM,2LG,2.7,153,641,542,64,129,25,1,19,80,1,1,76,105,0.238,0.346,0.393,0.739,112,0.331,115,213,17,17,0,6,2,3B
45,Eugenio Suárez,32,ARI,NL,3.1,158,640,571,90,146,28,2,30,101,2,1,49,176,0.256,0.319,0.469,0.788,116,0.34,115,268,10,9,0,11,0,3B
46,Freddie Freeman*,34,LAD,NL,4.7,147,638,542,81,153,35,2,22,89,9,2,78,100,0.282,0.378,0.476,0.854,143,0.37,142,258,13,10,0,8,9,1B
47,Adley Rutschman#,26,BAL,AL,3.4,148,638,571,68,143,21,1,19,79,1,0,58,103,0.25,0.318,0.391,0.709,107,0.313,107,223,9,2,0,7,3,C
48,Adolis García,31,TEX,AL,0.3,154,637,580,68,130,27,0,25,85,11,5,45,177,0.224,0.284,0.4,0.684,94,0.302,94,232,12,6,0,6,2,OF
49,Jonathan India,27,CIN,NL,1.7,151,637,533,84,132,28,2,15,58,13,2,80,125,0.248,0.357,0.392,0.75,105,0.34,108,209,16,15,2,7,0,2B
50,Masyn Winn,22,STL,NL,4.9,150,637,587,85,157,32,5,15,57,11,5,41,109,0.267,0.314,0.416,0.73,102,0.317,100,244,1,1,3,5,1,SS
51,Yordan Alvarez*,27,HOU,AL,5.4,147,635,552,88,170,34,2,35,86,6,0,69,95,0.308,0.392,0.567,0.959,172,0.406,169,313,14,10,0,4,16,DH
52,Nolan Arenado,33,STL,NL,2.5,152,635,578,70,157,23,0,16,71,2,2,44,92,0.272,0.325,0.394,0.719,101,0.315,99,228,15,5,0,7,2,3B
53,Willi Castro#,27,MIN,AL,1.6,158,635,558,89,138,31,5,12,60,14,9,51,150,0.247,0.331,0.385,0.717,102,0.326,108,215,8,21,1,4,0,UTIL
54,Alex Bregman,30,HOU,AL,4.1,145,634,581,79,151,30,2,26,75,3,1,44,86,0.26,0.315,0.453,0.768,118,0.334,117,263,13,5,0,4,1,3B
55,Andrés Giménez*,25,CLE,AL,4,152,633,583,64,147,22,1,9,63,30,5,26,97,0.252,0.298,0.34,0.638,82,0.294,81,198,11,15,3,6,1,2B
56,Josh Naylor*,27,CLE,AL,1.5,152,633,563,84,137,27,0,31,108,6,2,58,105,0.243,0.32,0.456,0.776,118,0.336,117,257,17,7,0,4,7,1B
57,Bryce Harper*,31,PHI,NL,4.8,145,631,550,85,157,42,0,30,87,7,4,76,138,0.285,0.373,0.525,0.898,149,0.381,148,289,18,2,1,2,11,1B
58,Cal Raleigh#,27,SEA,AL,4.7,153,628,546,73,120,16,0,34,100,6,1,70,176,0.22,0.312,0.436,0.748,119,0.324,117,238,7,6,0,6,4,C
59,Maikel Garcia,24,KCR,AL,1.2,157,626,575,84,133,27,5,7,58,37,2,42,103,0.231,0.281,0.332,0.614,72,0.287,69,191,7,0,4,5,0,3B
60,Bryan De La Cruz,27,2TM,NL,-1.5,149,622,584,61,136,25,0,21,68,5,2,29,170,0.233,0.271,0.384,0.654,77,0.29,75,224,10,3,0,5,1,OF
61,Yandy Díaz,32,TBR,AL,1.6,145,621,563,55,158,31,1,14,65,0,0,50,95,0.281,0.341,0.414,0.755,116,0.336,119,233,12,4,0,4,0,1B
62,Alex Verdugo*,28,NYY,AL,0.8,149,621,559,74,130,28,1,13,61,2,1,49,93,0.233,0.291,0.356,0.647,83,0.288,81,199,14,1,2,10,0,OF
63,Jazz Chisholm Jr.*,26,2TM,2LG,2.7,147,621,562,74,144,21,4,24,73,40,10,53,152,0.256,0.324,0.436,0.76,107,0.339,106,245,6,4,0,2,5,OF
64,Yainer Diaz,25,HOU,AL,3.2,148,619,585,70,175,29,3,16,84,2,0,24,107,0.299,0.325,0.441,0.766,118,0.339,120,258,22,2,0,8,1,C
65,Brice Turang*,24,MIL,NL,4.7,155,619,559,72,142,24,4,7,57,50,6,50,105,0.254,0.316,0.349,0.665,85,0.313,85,195,8,2,5,3,1,2B
66,Andrew Vaughn,26,CHW,AL,0.2,149,619,570,55,140,30,1,19,70,2,0,38,132,0.246,0.297,0.402,0.699,99,0.305,96,229,13,6,0,5,0,1B
67,Brent Rooker,29,OAK,AL,5.6,145,614,546,82,160,26,2,39,112,11,3,59,177,0.293,0.365,0.562,0.927,165,0.399,166,307,5,5,0,4,4,DH
68,George Springer,34,TOR,AL,1.1,145,614,545,74,120,19,3,19,56,16,1,60,115,0.22,0.303,0.371,0.674,92,0.312,97,202,16,6,0,2,0,OF
69,Julio Rodríguez,23,SEA,AL,4.3,143,613,567,76,155,17,0,20,68,24,5,38,156,0.273,0.325,0.409,0.734,116,0.334,121,232,10,6,0,2,1,OF
70,Christopher Morel,25,2TM,2LG,-0.6,152,611,535,56,105,11,3,21,60,8,7,61,159,0.196,0.288,0.346,0.634,80,0.282,80,185,15,10,0,5,3,3B
71,Nolan Schanuel*,22,LAA,AL,1.3,147,607,519,62,130,19,0,13,54,10,1,68,103,0.25,0.343,0.362,0.706,101,0.321,103,188,14,9,3,7,0,1B
72,Alec Bohm,27,PHI,NL,3,143,606,554,62,155,44,2,15,97,5,2,40,86,0.28,0.332,0.448,0.779,117,0.34,117,248,18,6,0,6,2,3B
73,Brenton Doyle,26,COL,NL,4,149,603,542,82,141,24,4,23,72,30,5,46,153,0.26,0.317,0.446,0.764,104,0.338,102,242,13,3,4,8,1,OF
74,Josh Bell#,31,2TM,NL,-0.6,145,603,538,62,134,23,2,19,71,0,1,51,120,0.249,0.319,0.405,0.725,97,0.32,98,218,22,6,0,3,1,1B
75,CJ Abrams*,23,WSN,NL,3.4,138,602,541,79,133,29,6,20,65,31,12,40,128,0.246,0.314,0.433,0.747,110,0.324,108,234,4,16,1,4,3,SS
76,Orlando Arcia,29,ATL,NL,0.5,157,602,551,50,120,24,0,17,46,2,0,41,128,0.218,0.271,0.354,0.625,73,0.278,70,195,16,2,1,7,1,SS
77,Zach Neto,23,LAA,AL,5.1,155,602,542,70,135,34,1,23,77,30,10,39,140,0.249,0.318,0.443,0.761,113,0.334,112,240,14,16,4,1,1,SS
78,Rafael Devers*,27,BOS,AL,3.7,138,601,525,87,143,34,5,28,83,3,0,67,147,0.272,0.354,0.516,0.871,139,0.368,134,271,13,3,0,6,14,3B
79,Oneil Cruz*,25,PIT,NL,2.5,146,599,541,72,140,34,3,21,76,22,1,51,181,0.259,0.324,0.449,0.773,113,0.34,110,243,8,3,0,4,5,SS
80,Alec Burleson*,25,STL,NL,1.2,152,595,547,71,147,20,0,21,78,9,4,35,76,0.269,0.314,0.42,0.735,104,0.325,105,230,8,4,1,6,0,UTIL
81,Carlos Santana#,38,MIN,AL,2.5,150,594,521,63,124,26,0,23,71,4,0,65,99,0.238,0.328,0.42,0.749,109,0.329,108,219,11,6,0,2,3,1B
82,Jackson Merrill*,21,SDP,NL,4.4,156,593,554,77,162,31,6,24,90,16,3,29,101,0.292,0.326,0.5,0.826,127,0.357,126,277,2,1,4,5,1,OF
83,Dansby Swanson,30,CHC,NL,4,149,593,534,82,129,27,2,16,66,19,3,54,144,0.242,0.312,0.39,0.701,98,0.313,96,208,7,2,0,3,2,SS
84,Josh Smith*,26,TEX,AL,3.2,149,592,523,67,135,30,1,13,62,11,2,46,121,0.258,0.337,0.394,0.731,110,0.329,112,206,6,18,2,3,1,UTIL
85,Seiya Suzuki,29,CHC,NL,3.5,132,585,512,74,145,27,6,21,73,16,6,63,160,0.283,0.366,0.482,0.848,138,0.364,136,247,6,6,0,4,3,OF
86,Riley Greene*,23,DET,AL,5.4,137,584,512,82,134,27,6,24,74,4,2,64,156,0.262,0.348,0.479,0.827,133,0.358,133,245,2,5,0,2,3,OF
87,Ketel Marte#,30,ARI,NL,6.8,136,583,504,93,147,23,2,36,95,7,1,65,106,0.292,0.372,0.56,0.932,155,0.396,155,282,9,5,0,9,7,2B
88,Jake Burger,28,MIA,NL,0.5,137,579,535,68,134,23,1,29,76,1,1,31,150,0.25,0.301,0.46,0.76,103,0.327,100,246,11,9,0,4,2,1B
89,Jorge Soler,32,2TM,NL,1.1,142,574,493,84,119,34,1,21,64,1,0,68,141,0.241,0.338,0.442,0.78,121,0.343,123,218,9,6,0,4,0,DH
90,Jackson Chourio,20,MIL,NL,3.8,148,573,528,80,145,29,4,21,79,22,7,39,121,0.275,0.327,0.464,0.791,117,0.344,115,245,7,3,1,2,4,OF
91,Ceddanne Rafaela,23,BOS,AL,2.8,152,571,544,70,134,23,5,15,75,19,10,15,151,0.246,0.274,0.39,0.664,82,0.299,85,212,8,7,2,3,1,UTIL
92,Bryson Stott*,26,PHI,NL,2.5,148,571,506,65,124,19,2,11,57,32,3,53,93,0.245,0.315,0.356,0.671,89,0.309,87,180,9,3,0,9,1,SS
93,Cody Bellinger*,28,CHC,NL,2.2,130,569,516,72,137,23,3,18,78,9,2,45,89,0.266,0.325,0.426,0.751,111,0.326,108,220,10,3,0,5,7,OF
94,Michael Busch*,26,CHC,NL,2.8,152,567,496,73,123,28,2,21,65,2,1,63,162,0.248,0.335,0.44,0.775,118,0.338,118,218,9,4,0,4,1,UTIL
95,Matt Vierling,27,DET,AL,3,144,567,518,80,133,28,5,16,57,6,1,41,121,0.257,0.312,0.423,0.735,107,0.323,106,219,9,3,0,5,1,UTIL
96,Nathaniel Lowe*,28,TEX,AL,2.7,140,565,486,62,129,16,1,16,69,2,0,71,125,0.265,0.361,0.401,0.762,120,0.342,122,195,9,4,0,4,1,1B
97,Colton Cowser*,24,BAL,AL,3.1,153,561,499,77,121,24,3,24,69,9,4,52,172,0.242,0.321,0.447,0.768,123,0.329,119,223,9,7,0,3,2,OF
98,Wyatt Langford,22,TEX,AL,3.9,134,557,499,74,126,25,4,16,74,19,3,51,115,0.253,0.325,0.415,0.74,111,0.329,110,207,6,4,0,3,3,OF
99,Colt Keith*,22,DET,AL,1.1,148,556,516,54,134,15,4,13,61,7,1,36,110,0.26,0.309,0.38,0.689,96,0.308,95,196,4,2,0,2,2,2B
100,Vinnie Pasquantino*,26,KCR,AL,1.1,131,554,496,64,130,30,2,19,97,1,0,40,71,0.262,0.315,0.446,0.76,111,0.328,108,221,12,4,1,13,1,1B
101,Lourdes Gurriel Jr.,30,ARI,NL,2,133,553,513,72,143,22,2,18,75,7,1,29,101,0.279,0.322,0.435,0.757,109,0.329,106,223,16,6,0,5,1,OF
102,Christian Walker,33,ARI,NL,2.6,130,552,479,72,120,26,0,26,84,2,2,55,133,0.251,0.335,0.468,0.803,121,0.34,116,224,12,10,0,8,4,1B
103,Zack Gelof,24,OAK,AL,1.4,138,547,497,60,105,20,2,17,49,25,3,38,188,0.211,0.27,0.362,0.632,82,0.286,80,180,7,4,3,5,0,2B
104,Will Smith,29,LAD,NL,3.5,128,544,476,77,118,24,2,20,75,1,1,51,105,0.248,0.327,0.433,0.76,116,0.327,112,206,8,9,0,8,6,C
105,Steven Kwan*,26,CLE,AL,4,122,540,480,83,140,16,3,14,44,12,5,53,51,0.292,0.368,0.425,0.793,126,0.352,128,204,5,5,2,0,0,OF
106,Brendan Rodgers,27,COL,NL,1.1,135,539,501,67,134,29,1,13,54,1,0,31,132,0.267,0.314,0.407,0.721,94,0.317,92,204,12,4,1,2,1,2B
107,Trea Turner,31,PHI,NL,3,121,539,505,88,149,25,0,21,62,19,4,27,98,0.295,0.338,0.469,0.807,124,0.358,127,237,10,6,0,1,0,SS
108,Justin Turner,39,2TM,AL,1.5,139,539,460,59,119,24,0,11,55,0,2,59,95,0.259,0.354,0.383,0.737,114,0.328,116,176,16,13,0,7,2,DH
109,Jesús Sánchez*,26,MIA,NL,0.7,149,537,489,60,123,25,1,18,64,16,2,41,140,0.252,0.313,0.417,0.731,97,0.326,96,204,12,4,1,2,2,OF
110,Ty France,29,2TM,2LG,-0.6,140,535,479,46,112,24,0,13,51,1,1,38,114,0.234,0.305,0.365,0.67,92,0.301,95,175,16,13,0,5,0,1B
111,Shea Langeliers,26,OAK,AL,2.9,137,534,482,58,108,18,2,29,80,4,2,41,145,0.224,0.288,0.45,0.739,111,0.321,111,217,15,5,0,6,2,C
112,Corey Seager*,30,TEX,AL,5,123,533,475,68,132,21,0,30,74,1,1,53,96,0.278,0.353,0.512,0.864,145,0.363,139,243,8,3,0,2,11,SS
113,Leody Taveras#,25,TEX,AL,0.5,151,529,480,59,110,17,3,12,44,23,6,42,112,0.229,0.289,0.352,0.641,84,0.293,84,169,8,0,3,4,0,OF
114,Luis García Jr.*,24,WSN,NL,2.2,140,528,500,58,141,25,1,18,70,22,5,27,86,0.282,0.318,0.444,0.762,115,0.336,114,222,12,0,0,1,2,2B
115,Lane Thomas,28,2TM,2LG,0.3,130,528,472,65,112,26,3,15,63,32,14,44,137,0.237,0.309,0.4,0.709,101,0.315,101,189,5,7,0,5,1,OF
116,Sal Frelick*,24,MIL,NL,2.1,145,524,475,66,123,22,4,2,32,18,3,39,78,0.259,0.32,0.335,0.655,83,0.303,84,159,8,4,2,1,0,OF
117,Andrew Benintendi*,29,CHW,AL,-0.8,135,522,477,50,109,20,0,20,64,3,2,41,96,0.229,0.289,0.396,0.685,95,0.299,92,189,12,1,0,3,1,OF
118,Logan O'Hoppe,24,LAA,AL,2.7,136,522,479,64,117,17,1,20,56,2,3,33,155,0.244,0.303,0.409,0.712,100,0.315,102,196,7,8,1,1,0,C
119,Jacob Young,24,WSN,NL,2.8,150,521,468,75,120,24,1,3,36,33,10,30,102,0.256,0.316,0.331,0.648,86,0.299,87,155,11,12,9,2,0,OF
120,Heliot Ramos,24,SFG,NL,2.3,121,518,475,54,128,23,3,22,72,6,1,37,135,0.269,0.322,0.469,0.792,125,0.349,129,223,12,2,0,4,2,OF
121,Rhys Hoskins,31,MIL,NL,-0.2,131,517,449,59,96,14,0,26,82,3,0,53,149,0.214,0.303,0.419,0.722,98,0.314,95,188,11,7,0,6,1,1B
122,Mookie Betts,31,LAD,NL,4.8,116,516,450,75,130,24,5,19,75,16,2,61,57,0.289,0.372,0.491,0.863,145,0.377,145,221,10,1,0,4,2,UTIL
123,Andrew McCutchen,37,PIT,NL,0.8,120,515,448,66,104,18,1,20,50,3,2,58,133,0.232,0.328,0.411,0.739,105,0.332,110,184,9,7,0,2,1,DH
124,Tyler Stephenson,27,CIN,NL,2.4,138,515,457,69,118,26,1,19,66,1,0,48,117,0.258,0.338,0.444,0.782,112,0.345,114,203,9,8,0,2,2,C
125,Jake Meyers,28,HOU,AL,1.7,148,513,461,51,101,20,3,13,61,11,3,35,117,0.219,0.286,0.36,0.646,85,0.288,83,166,17,10,3,4,0,OF
126,Daulton Varsho*,27,TOR,AL,5,136,513,459,73,98,21,7,18,58,10,2,48,137,0.214,0.293,0.407,0.7,98,0.306,94,187,2,4,1,1,1,OF
127,Joey Ortiz,25,MIL,NL,2.7,142,511,440,58,105,25,6,11,60,11,6,56,103,0.239,0.329,0.398,0.726,101,0.317,98,175,10,6,3,6,0,SS
128,Jesse Winker*,30,2TM,NL,2,145,508,430,63,109,23,0,14,58,14,4,63,106,0.253,0.36,0.405,0.764,118,0.344,122,174,12,10,2,3,2,OF
129,Ryan Mountcastle,27,BAL,AL,2.6,124,507,473,54,128,30,2,13,63,3,0,27,114,0.271,0.308,0.425,0.733,113,0.323,114,201,13,1,0,6,0,1B
130,Gavin Sheets*,28,CHW,AL,-1,139,501,451,35,105,24,1,10,45,2,2,43,106,0.233,0.303,0.357,0.66,90,0.292,88,161,6,4,0,3,2,OF
131,Charlie Blackmon*,37,COL,NL,0.6,124,499,449,59,115,24,5,12,52,6,2,43,86,0.256,0.329,0.412,0.741,100,0.329,100,185,4,6,0,1,2,DH
132,Cedric Mullins*,29,BAL,AL,2.6,147,499,444,69,104,16,3,18,54,32,6,41,98,0.234,0.305,0.405,0.71,107,0.322,107,180,1,5,2,2,0,OF
133,Isiah Kiner-Falefa,29,2TM,2LG,3.6,133,496,465,53,125,18,4,8,43,11,2,16,78,0.269,0.306,0.376,0.683,92,0.308,93,175,12,10,3,2,0,UTIL
134,J.D. Martinez,36,NYM,NL,0.5,120,495,434,46,102,24,1,16,69,0,0,49,141,0.235,0.32,0.406,0.725,106,0.321,108,176,17,6,0,2,0,DH
135,Jake McCarthy*,26,ARI,NL,1.7,142,495,442,66,126,13,7,8,56,25,6,31,78,0.285,0.349,0.4,0.749,109,0.335,107,177,4,14,5,3,1,OF
136,Ryan O'Hearn*,30,BAL,AL,1.9,142,494,443,60,117,21,3,15,59,3,1,46,69,0.264,0.334,0.427,0.761,122,0.337,125,189,7,2,0,3,2,1B
137,Jonah Heim#,29,TEX,AL,1.1,131,491,459,45,101,12,1,13,59,1,1,26,90,0.22,0.267,0.336,0.602,72,0.268,71,154,13,4,0,2,0,C
138,Michael Conforto*,31,SFG,NL,1.3,130,488,438,56,104,27,3,20,66,0,1,42,118,0.237,0.309,0.45,0.759,116,0.326,115,197,16,5,0,3,1,OF
139,Gavin Lux*,26,LAD,NL,2.1,139,487,439,59,110,24,2,10,50,5,2,44,110,0.251,0.32,0.383,0.703,101,0.314,103,168,8,2,0,2,0,2B
140,Connor Wong,28,BOS,AL,1.6,126,487,447,54,125,24,1,13,52,8,7,28,114,0.28,0.333,0.425,0.758,110,0.327,107,190,7,9,1,2,1,C
141,Keibert Ruiz#,25,WSN,NL,0.6,127,485,459,46,105,21,0,13,57,3,1,16,54,0.229,0.26,0.359,0.619,74,0.27,70,165,13,5,0,5,0,C
142,José Caballero,27,TBR,AL,1.6,139,483,441,53,100,24,1,9,44,44,16,27,133,0.227,0.283,0.347,0.63,80,0.292,83,153,6,9,3,3,1,UTIL
143,Paul DeJong,30,2TM,AL,0.9,139,482,445,54,101,17,0,24,56,2,2,23,156,0.227,0.276,0.427,0.703,97,0.304,95,190,9,9,0,5,0,SS
144,Tommy Pham,36,3TM,2LG,-0.2,116,478,440,49,109,20,3,9,39,7,3,35,106,0.248,0.305,0.368,0.674,91,0.308,96,162,5,2,0,1,0,OF
145,Brandon Marsh*,26,PHI,NL,3.1,135,476,418,55,104,17,3,16,60,19,3,50,154,0.249,0.328,0.419,0.747,109,0.338,111,175,2,2,1,5,0,OF
146,Josh Rojas*,30,SEA,AL,2.2,142,476,422,48,95,19,2,8,31,10,4,46,108,0.225,0.304,0.336,0.641,91,0.289,92,142,6,3,1,2,1,3B
147,Mike Yastrzemski*,33,SFG,NL,2.1,140,474,428,60,99,16,9,18,57,3,2,38,124,0.231,0.302,0.437,0.739,110,0.317,108,187,5,6,1,1,1,OF
148,Tyler O'Neill,29,BOS,AL,2.6,113,473,411,74,99,18,0,31,61,4,0,53,159,0.241,0.336,0.511,0.847,132,0.365,131,210,13,7,0,2,5,OF
149,Jeff McNeil*,32,NYM,NL,1.6,129,472,424,57,101,26,0,12,44,5,1,35,68,0.238,0.308,0.384,0.692,97,0.308,98,163,6,9,1,3,1,OF
150,Michael Harris II*,23,ATL,NL,3.2,110,470,440,58,116,14,3,16,48,10,6,23,94,0.264,0.304,0.418,0.722,99,0.32,102,184,6,4,0,3,1,OF
151,Ha-Seong Kim,28,SDP,NL,2.6,121,470,403,60,94,16,3,11,47,22,5,58,77,0.233,0.33,0.37,0.7,96,0.318,96,149,8,2,4,3,4,SS
152,Jorge Polanco#,30,SEA,AL,1.3,118,469,417,43,89,11,0,16,45,4,2,46,137,0.213,0.296,0.355,0.651,93,0.294,96,148,16,4,0,2,3,2B
153,Austin Riley,27,ATL,NL,2.9,110,469,425,63,109,26,2,19,56,0,0,37,118,0.256,0.322,0.461,0.783,115,0.343,117,196,6,5,0,2,0,3B
154,Ryan Jeffers,27,MIN,AL,2.1,122,465,412,56,93,22,0,21,64,3,0,32,94,0.226,0.3,0.432,0.732,103,0.322,103,178,9,14,1,6,0,C
155,Xander Bogaerts,31,SDP,NL,1.2,111,463,428,50,113,15,1,11,44,13,3,28,79,0.264,0.307,0.381,0.688,92,0.307,90,163,13,1,0,6,0,SS
156,Jeimer Candelario#,30,CIN,NL,-0.7,112,463,427,47,96,23,2,20,56,4,3,27,114,0.225,0.279,0.429,0.707,90,0.306,87,183,7,6,0,3,1,3B
157,Mark Canha,35,2TM,2LG,0.6,125,462,393,46,95,20,0,7,42,7,0,51,96,0.242,0.344,0.346,0.69,99,0.321,104,136,10,13,0,5,2,1B
158,Gio Urshela,32,2TM,2LG,0.7,128,461,432,34,108,19,1,9,52,0,0,23,72,0.25,0.286,0.361,0.647,82,0.29,82,156,13,1,0,5,1,3B
159,Max Schuemann,27,OAK,AL,0.8,133,459,396,55,87,14,0,7,34,14,1,47,119,0.22,0.311,0.308,0.619,82,0.292,86,122,8,7,5,4,0,UTIL
160,Giancarlo Stanton,34,NYY,AL,0.7,114,459,417,49,97,20,0,27,72,0,0,38,143,0.233,0.298,0.475,0.773,115,0.33,112,198,17,2,0,2,2,DH
161,Michael Toglia#,25,COL,NL,2.2,116,458,399,62,87,14,3,25,55,10,1,54,147,0.218,0.311,0.456,0.767,105,0.334,102,182,7,1,0,3,2,1B
162,Luke Raley*,29,SEA,AL,3.2,137,455,404,58,98,19,2,22,58,11,2,27,135,0.243,0.32,0.463,0.783,129,0.346,131,187,2,20,2,2,0,OF
163,Davis Schneider,25,TOR,AL,0,135,454,397,48,76,19,1,13,46,6,0,47,144,0.191,0.282,0.343,0.625,78,0.28,76,136,2,5,0,5,0,OF
164,Mark Vientos,24,NYM,NL,3.1,111,454,413,58,110,22,0,27,71,0,0,33,135,0.266,0.322,0.516,0.837,135,0.361,137,213,6,3,0,5,0,3B
165,Ernie Clement,28,TOR,AL,3.4,139,452,434,48,114,21,3,12,51,12,3,11,41,0.263,0.284,0.408,0.692,95,0.317,102,177,11,3,2,2,1,UTIL
166,Jo Adell,25,LAA,AL,0.9,130,451,405,54,84,15,2,20,62,15,10,35,126,0.207,0.28,0.402,0.682,91,0.297,90,163,9,7,0,3,1,OF
167,Lawrence Butler*,23,OAK,AL,3,125,451,412,63,108,24,2,22,57,18,0,35,108,0.262,0.317,0.49,0.807,131,0.357,130,202,8,0,0,4,0,OF
168,J.P. Crawford*,29,SEA,AL,2.7,105,451,392,55,79,16,2,9,37,5,0,52,102,0.202,0.304,0.321,0.625,86,0.286,89,126,4,6,0,1,0,SS
169,MJ Melendez*,25,KCR,AL,-0.9,135,451,412,44,85,23,3,17,44,4,4,35,113,0.206,0.273,0.4,0.674,87,0.29,83,165,3,3,0,0,1,OF
170,Jarred Kelenic*,24,ATL,NL,0.4,131,449,412,49,95,18,2,15,45,7,2,32,133,0.231,0.286,0.393,0.679,87,0.301,86,162,5,1,1,3,1,OF
171,Joc Pederson*,32,ARI,NL,2.9,132,449,367,62,101,17,1,23,64,7,4,55,105,0.275,0.393,0.515,0.908,151,0.388,151,189,5,18,1,3,2,DH
172,Patrick Bailey#,25,SFG,NL,1.8,121,448,401,46,94,16,1,8,46,4,0,39,100,0.234,0.298,0.339,0.637,84,0.286,84,136,10,0,1,7,0,C
173,Jose Siri,28,TBR,AL,1.8,130,448,402,50,75,16,1,18,47,14,7,31,170,0.187,0.255,0.366,0.62,76,0.272,73,147,5,7,2,4,0,OF
174,Wilyer Abreu*,25,BOS,AL,3.4,132,447,399,59,101,33,2,15,58,8,3,40,125,0.253,0.322,0.459,0.781,114,0.339,112,183,7,3,0,5,0,OF
175,Jordan Westburg,25,BAL,AL,2.4,107,447,416,57,110,26,5,18,63,6,3,22,97,0.264,0.312,0.481,0.792,129,0.34,127,200,5,7,1,1,0,3B
176,Jared Triolo,26,PIT,NL,1.3,125,446,394,41,85,10,1,9,46,8,1,42,118,0.216,0.296,0.315,0.611,71,0.286,74,124,5,5,0,5,0,UTIL
177,Nicky Lopez*,29,CHW,AL,0.2,124,445,398,40,96,12,3,1,21,5,7,37,67,0.241,0.312,0.294,0.606,76,0.282,83,117,3,4,6,0,0,2B
178,Andy Pages,23,LAD,NL,1.3,116,443,403,65,100,23,1,13,46,1,2,29,108,0.248,0.305,0.407,0.712,102,0.31,101,164,8,6,0,4,0,OF
179,Brayan Rocchio#,23,CLE,AL,1.9,143,442,383,50,79,18,0,8,36,10,6,44,90,0.206,0.298,0.316,0.614,76,0.281,78,121,11,8,2,5,1,SS
180,Dylan Moore,31,SEA,AL,2.2,135,441,368,53,74,23,4,10,42,32,6,53,123,0.201,0.32,0.367,0.687,104,0.322,109,135,8,14,1,5,1,UTIL
181,Fernando Tatis Jr.,25,SDP,NL,2.6,102,438,398,64,110,21,1,21,49,11,3,32,96,0.276,0.34,0.492,0.833,130,0.36,129,196,8,7,0,1,0,OF
182,Harrison Bader,30,NYM,NL,0.9,143,437,402,57,95,19,0,12,51,17,8,21,95,0.236,0.284,0.373,0.657,86,0.287,84,150,6,8,0,6,1,OF
183,Ozzie Albies#,27,ATL,NL,1.6,99,435,399,52,100,29,1,10,53,8,1,27,65,0.251,0.303,0.404,0.707,95,0.313,93,161,6,5,0,4,0,2B
184,Otto López,25,MIA,NL,2.6,117,434,403,49,109,23,1,6,39,20,4,25,75,0.27,0.313,0.377,0.69,87,0.32,91,152,13,1,2,2,0,2B
185,Blake Perkins#,27,MIL,NL,1.8,121,434,383,54,92,13,2,6,43,23,5,42,108,0.24,0.316,0.332,0.647,81,0.301,81,127,3,3,0,6,1,OF
186,Mitch Garver,33,SEA,AL,-0.1,114,430,367,37,63,17,0,15,51,0,0,53,133,0.172,0.286,0.341,0.627,85,0.282,88,125,9,7,0,3,0,DH
187,José Miranda,26,MIN,AL,1.7,121,429,401,44,114,28,4,9,49,2,2,18,66,0.284,0.322,0.441,0.763,112,0.333,112,177,13,6,0,4,1,3B
188,Mauricio Dubón,29,HOU,AL,1.1,137,428,402,45,108,25,0,4,47,3,2,16,55,0.269,0.296,0.361,0.657,88,0.289,85,145,6,2,3,5,0,UTIL
189,Kyle Isbel*,27,KCR,AL,1.8,136,426,384,62,88,13,8,8,42,11,2,27,88,0.229,0.287,0.367,0.654,83,0.296,82,141,4,5,8,2,0,OF
190,Brandon Lowe*,29,TBR,AL,2.4,107,425,385,56,94,19,3,21,58,5,1,33,112,0.244,0.311,0.473,0.783,121,0.339,120,182,7,5,0,2,2,2B
191,Wenceel Pérez#,24,DET,AL,0.7,112,425,389,51,94,16,6,9,37,9,5,32,92,0.242,0.3,0.383,0.683,93,0.302,93,149,5,1,2,1,0,OF
192,Luis Robert Jr.,26,CHW,AL,1.4,100,425,393,47,88,19,0,14,35,23,6,28,141,0.224,0.278,0.379,0.657,87,0.298,88,149,8,2,0,1,2,OF
193,Hunter Renfroe,32,KCR,AL,0,120,424,385,44,88,18,0,15,52,1,1,36,84,0.229,0.297,0.392,0.689,92,0.308,94,151,10,2,0,1,0,OF
194,Mitch Haniger,33,SEA,AL,-0.2,121,423,380,42,79,12,0,12,44,0,0,40,126,0.208,0.286,0.334,0.62,84,0.281,87,127,10,2,0,1,0,OF
195,Rowdy Tellez*,29,PIT,NL,-0.4,131,421,383,38,93,18,0,13,56,1,0,31,89,0.243,0.299,0.392,0.691,91,0.305,90,150,12,2,0,5,0,1B
196,Masataka Yoshida*,30,BOS,AL,1.4,108,421,378,45,106,21,0,10,56,2,0,27,52,0.28,0.349,0.415,0.765,112,0.341,114,157,6,14,0,2,0,DH
197,Mickey Moniak*,26,LAA,AL,-0.1,124,418,392,48,86,17,2,14,49,8,4,21,114,0.219,0.266,0.38,0.646,81,0.283,78,149,3,4,0,1,0,OF
198,Connor Joe,31,PIT,NL,0.6,123,416,364,49,83,22,1,9,36,2,2,44,91,0.228,0.32,0.368,0.688,92,0.306,92,134,7,6,0,2,1,1B
199,Austin Wells*,24,NYY,AL,2.5,115,414,354,42,81,18,1,13,55,1,2,47,87,0.229,0.322,0.395,0.718,103,0.318,104,140,9,5,1,7,0,C
200,J.T. Realmuto,33,PHI,NL,3,99,413,380,50,101,18,1,14,47,2,2,27,102,0.266,0.322,0.429,0.751,109,0.331,112,163,7,5,0,1,1,C
201,Pete Crow-Armstrong*,22,CHC,NL,2.3,123,410,372,46,88,13,6,10,47,27,3,21,98,0.237,0.286,0.384,0.67,88,0.3,82,143,4,6,8,3,2,OF
202,Lars Nootbaar*,26,STL,NL,1.5,109,405,348,39,85,18,3,12,45,7,3,52,79,0.244,0.342,0.417,0.758,111,0.334,112,145,10,1,1,3,2,OF
203,Jon Singleton*,32,HOU,AL,0.3,119,405,355,46,83,13,1,13,42,0,0,47,111,0.234,0.321,0.386,0.707,103,0.317,105,137,2,0,0,3,0,1B
204,Nolan Gorman*,24,STL,NL,0.3,107,402,365,42,74,15,0,19,50,6,1,34,151,0.203,0.271,0.4,0.671,85,0.291,79,146,2,1,0,2,1,2B
205,LaMonte Wade Jr.*,30,SFG,NL,2.1,117,401,331,45,86,16,0,8,34,2,1,62,90,0.26,0.38,0.381,0.761,121,0.337,122,126,2,4,1,3,5,1B
206,Seth Brown*,31,OAK,AL,-0.6,124,400,372,32,86,11,1,14,44,4,2,25,112,0.231,0.283,0.379,0.662,91,0.291,90,141,7,2,0,1,0,OF
207,Trevor Larnach*,27,MIN,AL,1.3,112,400,355,59,92,17,0,15,52,4,1,40,89,0.259,0.338,0.434,0.771,116,0.341,117,154,12,3,0,2,1,OF
208,Max Kepler*,31,MIN,AL,1,105,399,368,43,93,21,1,8,42,1,0,22,80,0.253,0.302,0.38,0.682,91,0.315,98,140,3,5,0,3,0,OF
209,Ke'Bryan Hayes,27,PIT,NL,0.8,96,396,365,38,85,9,0,4,25,11,2,23,75,0.233,0.283,0.29,0.573,61,0.267,60,106,12,4,0,4,1,3B
210,Korey Lee,25,CHW,AL,0.1,125,394,377,36,79,14,1,12,37,6,3,17,122,0.21,0.244,0.347,0.591,68,0.264,68,131,12,0,0,0,0,C
211,Kiké Hernández,32,LAD,NL,1.3,126,393,362,44,83,16,0,12,42,0,0,27,77,0.229,0.281,0.373,0.654,85,0.294,88,135,13,0,1,3,0,UTIL
212,David Fry,28,CLE,AL,1.4,122,392,335,44,88,18,1,14,51,4,1,42,84,0.263,0.356,0.448,0.804,128,0.352,128,150,13,9,0,4,4,UTIL
213,Santiago Espinal,29,CIN,NL,-0.4,118,391,357,32,88,12,0,9,45,11,1,24,54,0.246,0.295,0.356,0.65,77,0.294,73,127,7,2,4,4,1,UTIL
214,Bo Naylor*,24,CLE,AL,0.7,123,389,354,39,71,10,2,13,39,6,3,29,122,0.201,0.264,0.35,0.614,73,0.272,71,124,3,2,2,2,1,C
215,Will Benson*,26,CIN,NL,-1.4,128,388,343,41,64,19,2,14,43,16,7,40,154,0.187,0.274,0.376,0.65,76,0.285,70,129,3,2,1,2,0,OF
216,Byron Buxton,30,MIN,AL,3.6,102,388,355,62,99,27,3,18,56,7,2,20,99,0.279,0.335,0.524,0.859,137,0.369,136,186,3,11,0,2,1,OF
217,Geraldo Perdomo#,24,ARI,NL,3.5,98,388,337,61,92,21,2,3,37,9,1,36,58,0.273,0.344,0.374,0.718,101,0.328,104,126,5,3,7,5,0,SS
218,Nick Gonzales,25,PIT,NL,0.9,94,387,359,42,97,19,3,7,49,5,3,18,74,0.27,0.311,0.398,0.709,96,0.316,98,143,8,5,1,4,1,2B
219,Josh Lowe*,26,TBR,AL,0.7,106,387,353,37,85,19,2,10,34,25,1,32,123,0.241,0.302,0.391,0.693,98,0.315,93,138,2,0,0,2,4,OF
220,Alejandro Kirk,25,TOR,AL,2,103,386,340,23,86,19,1,5,54,0,0,35,51,0.253,0.319,0.359,0.677,94,0.303,94,122,11,2,0,9,1,C
221,Tyler Freeman,25,CLE,AL,0.9,118,383,330,48,69,14,1,7,32,11,6,28,53,0.209,0.305,0.321,0.626,79,0.288,83,106,15,19,3,3,1,UTIL
222,Jake Fraley*,29,CIN,NL,0.3,116,382,350,44,97,19,2,5,26,20,5,26,70,0.277,0.33,0.386,0.716,95,0.319,92,135,6,3,0,3,0,OF
223,Thairo Estrada,28,SFG,NL,-0.5,96,381,364,43,79,15,2,9,47,2,2,10,76,0.217,0.247,0.343,0.59,68,0.263,69,125,8,5,0,2,0,2B
224,Spencer Horwitz*,26,TOR,AL,1.2,97,381,328,46,87,19,0,12,40,0,0,42,70,0.265,0.357,0.433,0.79,125,0.346,125,142,8,7,0,4,2,1B
225,Spencer Torkelson,24,DET,AL,0.3,92,381,342,45,75,21,1,10,37,0,0,33,105,0.219,0.295,0.374,0.669,89,0.293,86,128,6,4,0,1,0,1B
226,Anthony Rizzo*,34,NYY,AL,0.2,92,375,337,38,77,12,0,8,35,0,0,27,65,0.228,0.301,0.335,0.637,81,0.297,88,113,7,9,0,2,0,1B
227,Starling Marte,35,NYM,NL,0.7,94,370,335,46,90,13,3,7,40,16,1,27,81,0.269,0.327,0.388,0.715,104,0.328,107,130,8,3,3,2,1,OF
228,Lenyn Sosa,24,CHW,AL,-0.4,100,369,351,28,89,13,0,8,35,3,1,12,77,0.254,0.283,0.359,0.642,84,0.282,79,126,5,3,2,1,1,3B
229,Freddy Fermin,29,KCR,AL,3,111,368,339,40,92,14,0,6,36,2,0,23,66,0.271,0.319,0.366,0.685,93,0.307,92,124,10,2,1,3,1,C
230,Carlos Correa,29,MIN,AL,3.7,86,367,319,55,99,20,2,14,54,0,0,40,61,0.31,0.388,0.517,0.905,152,0.393,155,165,5,3,0,4,4,SS
231,Abraham Toro#,27,OAK,AL,0.6,94,364,337,34,81,17,1,6,26,4,2,20,62,0.24,0.293,0.35,0.643,87,0.285,85,118,4,5,2,0,1,UTIL
232,Miguel Amaya,25,CHC,NL,1.9,117,363,328,32,76,13,2,8,47,0,0,23,62,0.232,0.288,0.357,0.644,82,0.292,84,117,5,4,5,3,0,C
233,Johan Rojas,23,PHI,NL,0.7,120,363,338,47,82,12,3,3,32,25,4,13,69,0.243,0.279,0.322,0.601,69,0.277,63,109,7,4,8,0,0,OF
234,Jonny DeLuca,25,TBR,AL,0.6,107,362,332,29,72,12,4,6,31,16,6,24,77,0.217,0.278,0.331,0.609,75,0.279,76,110,1,4,2,0,1,OF
235,Brandon Drury,31,LAA,AL,-2,97,360,325,28,55,7,0,4,15,1,0,27,81,0.169,0.242,0.228,0.469,35,0.228,38,74,13,5,0,3,0,UTIL
236,Willson Contreras,32,STL,NL,3,84,358,301,48,79,17,0,15,36,4,1,45,96,0.262,0.38,0.468,0.848,136,0.37,137,141,7,12,0,0,2,C
237,Michael Massey*,26,KCR,AL,1.6,100,356,332,45,86,17,2,14,45,1,0,15,56,0.259,0.294,0.449,0.743,105,0.328,108,149,9,3,2,4,1,2B
238,Will Brennan*,26,CLE,AL,-0.2,114,353,330,37,87,13,2,8,30,4,2,19,48,0.264,0.309,0.388,0.697,97,0.307,96,128,9,3,0,1,2,OF
239,Gabriel Moreno,24,ARI,NL,2.6,97,351,305,39,81,18,1,5,45,3,1,41,52,0.266,0.353,0.38,0.734,105,0.327,105,116,10,2,0,3,1,C
240,Elias Díaz,33,2TM,NL,1.3,96,351,325,27,86,20,0,6,39,0,0,20,69,0.265,0.313,0.382,0.695,88,0.309,87,124,15,4,0,2,2,C
241,Mike Tauchman*,33,CHC,NL,0.6,109,350,298,50,74,12,1,7,29,6,2,47,70,0.248,0.357,0.366,0.723,106,0.326,108,109,7,4,0,1,0,OF
242,Eloy Jiménez,27,2TM,AL,-0.7,98,349,324,25,77,14,0,6,23,3,0,22,70,0.238,0.289,0.336,0.626,81,0.282,80,109,13,2,0,1,1,DH
243,Jake Bauers*,28,MIL,NL,-0.4,116,346,302,45,60,9,2,12,43,13,1,39,118,0.199,0.301,0.361,0.662,83,0.3,80,109,0,5,0,0,1,OF
244,Jake Cave*,31,COL,NL,-0.7,123,346,323,42,81,16,5,7,37,5,2,18,98,0.251,0.29,0.396,0.686,84,0.297,77,128,6,1,1,3,1,OF
245,Amed Rosario,28,3TM,2LG,-0.1,103,346,332,29,93,18,3,3,32,13,5,9,73,0.28,0.306,0.38,0.686,94,0.312,98,126,10,4,0,1,0,UTIL
246,Tyrone Taylor,30,NYM,NL,2,130,345,319,47,79,22,3,7,35,11,2,19,80,0.248,0.299,0.401,0.701,99,0.317,102,128,4,5,1,1,1,UTIL
247,Manuel Margot,29,MIN,AL,-0.9,129,343,315,37,75,17,1,4,31,5,0,21,54,0.238,0.289,0.337,0.626,76,0.281,72,106,10,3,1,3,0,UTIL
248,Francisco Alvarez,22,NYM,NL,0.8,100,342,308,39,73,14,2,11,47,1,1,30,86,0.237,0.307,0.403,0.71,101,0.319,107,124,7,2,0,2,0,C
249,Travis d'Arnaud,35,ATL,NL,1.1,99,341,307,40,73,16,0,15,48,1,0,24,89,0.238,0.302,0.436,0.739,103,0.32,101,134,8,6,0,4,0,C
250,Tyler Fitzgerald,26,SFG,NL,2.8,96,341,314,53,88,19,2,15,34,17,4,22,108,0.28,0.334,0.497,0.831,136,0.367,140,156,2,4,0,1,0,SS
251,TJ Friedl*,28,CIN,NL,0.5,85,341,297,35,67,5,1,13,55,9,1,26,52,0.226,0.31,0.38,0.69,88,0.313,88,113,1,12,2,4,0,OF
252,Kyle Tucker*,27,HOU,AL,4.7,78,339,277,56,80,13,0,23,49,11,0,56,54,0.289,0.408,0.585,0.993,181,0.426,179,162,5,1,0,2,3,OF
253,Jake Rogers,29,DET,AL,1,102,337,310,43,61,16,1,10,36,1,0,22,99,0.197,0.255,0.352,0.607,71,0.27,69,109,6,3,0,2,1,C
254,Miguel Rojas,35,LAD,NL,3.4,103,337,307,41,87,21,0,6,36,8,2,23,34,0.283,0.337,0.41,0.748,113,0.329,112,126,8,3,2,2,0,UTIL
255,Bo Bichette,26,TOR,AL,-0.3,81,336,311,29,70,16,1,4,31,5,1,20,64,0.225,0.277,0.322,0.598,71,0.269,68,100,12,3,0,2,1,SS
256,James Wood*,21,WSN,NL,1.1,79,336,295,43,78,13,4,9,41,14,8,39,97,0.264,0.354,0.427,0.781,122,0.343,124,126,1,2,0,0,1,OF
257,Nick Fortes,27,MIA,NL,0,110,335,308,28,70,16,0,4,29,0,1,11,41,0.227,0.259,0.318,0.577,56,0.249,44,98,6,4,7,5,0,C
258,Whit Merrifield,35,2TM,NL,0.3,95,335,293,44,65,9,3,4,15,17,3,35,52,0.222,0.311,0.314,0.625,76,0.307,87,92,7,3,4,0,0,UTIL
259,Michael Siani*,24,STL,NL,0.7,124,334,298,42,68,7,2,2,20,20,3,21,92,0.228,0.285,0.285,0.57,61,0.265,54,85,2,3,11,1,0,OF
260,Adam Duvall,35,ATL,NL,-1.4,104,330,303,29,55,10,0,11,30,0,0,21,99,0.182,0.245,0.323,0.569,57,0.262,59,98,6,5,0,1,0,OF
261,Ben Rortvedt*,26,TBR,AL,0.9,112,328,290,27,66,13,0,3,31,1,0,34,88,0.228,0.317,0.303,0.621,80,0.287,83,88,6,4,0,0,0,C
262,Oswaldo Cabrera#,25,NYY,AL,1.3,108,326,299,47,74,11,0,8,36,4,2,21,63,0.247,0.296,0.365,0.661,87,0.3,90,109,6,1,2,3,0,UTIL
263,Royce Lewis,25,MIN,AL,0.7,82,325,292,40,68,16,0,16,47,0,0,28,74,0.233,0.295,0.452,0.747,107,0.315,99,132,5,0,0,5,2,3B
264,Zach McKinstry*,29,DET,AL,0.8,118,325,297,32,64,14,5,4,23,16,0,24,69,0.215,0.277,0.337,0.614,74,0.288,74,100,3,2,0,2,0,UTIL
265,Danny Jansen,29,2TM,AL,0.7,92,324,278,35,57,13,0,9,24,0,0,40,61,0.205,0.309,0.349,0.658,87,0.302,91,97,4,3,0,3,0,C
266,Miguel Andujar,29,OAK,AL,0.4,75,319,302,31,86,14,1,4,30,3,2,13,42,0.285,0.32,0.377,0.697,103,0.308,103,114,10,3,0,1,0,OF
267,Eddie Rosario*,32,2TM,NL,-1.6,91,319,297,33,52,12,0,10,35,9,1,16,77,0.175,0.215,0.316,0.531,48,0.241,43,94,4,0,2,4,0,UTIL
268,David Hamilton*,26,BOS,AL,2.6,98,317,294,47,73,17,1,8,28,33,4,22,80,0.248,0.303,0.395,0.697,92,0.331,95,116,1,1,0,0,0,SS
269,Richie Palacios*,27,TBR,AL,1.8,92,316,264,46,59,8,1,5,21,19,1,45,67,0.223,0.346,0.318,0.664,94,0.318,96,84,5,5,0,1,2,UTIL
270,Christian Vázquez,33,MIN,AL,-0.2,93,315,294,29,65,10,0,7,27,3,1,11,65,0.221,0.248,0.327,0.575,60,0.262,60,96,11,1,5,4,0,C
271,Christian Yelich*,32,MIL,NL,2.2,73,315,270,44,85,12,3,11,42,21,1,40,58,0.315,0.406,0.504,0.909,151,0.404,151,136,3,2,1,1,3,OF
272,Kevin Pillar,35,2TM,AL,0.4,100,314,284,38,65,16,1,8,45,12,3,16,69,0.229,0.291,0.377,0.667,88,0.298,86,107,10,10,1,3,0,UTIL
273,Joey Meneses,32,WSN,NL,-0.5,76,313,281,19,65,11,0,3,42,2,0,21,63,0.231,0.291,0.302,0.593,70,0.28,76,85,9,5,0,6,1,1B
274,Carson Kelly,29,2TM,AL,0.5,91,313,281,32,67,9,1,9,37,0,0,25,55,0.238,0.313,0.374,0.687,96,0.305,95,105,6,6,0,1,0,C
275,Kevin Newman,30,ARI,NL,2.2,111,311,288,41,80,17,1,3,28,8,1,15,48,0.278,0.311,0.375,0.686,91,0.313,92,108,7,0,6,2,1,SS
276,Donovan Solano,36,SDP,NL,1,96,309,283,31,81,13,0,8,35,2,1,22,65,0.286,0.343,0.417,0.76,112,0.339,116,118,6,3,0,1,0,3B
277,Ramón Laureano,29,2TM,2LG,1.3,98,309,286,35,74,16,1,11,33,8,3,15,96,0.259,0.311,0.437,0.748,107,0.337,114,125,5,7,0,1,0,OF
278,Rob Refsnyder,33,BOS,AL,0.8,93,307,272,32,77,16,1,11,40,2,2,28,78,0.283,0.359,0.471,0.83,129,0.354,126,128,6,5,0,1,2,OF
279,Dominic Smith*,29,2TM,2LG,-0.1,93,307,275,33,64,22,0,6,34,1,1,28,76,0.233,0.313,0.378,0.691,91,0.308,91,104,7,4,0,0,0,1B
280,Luis Rengifo#,27,LAA,AL,1.9,78,304,283,41,85,13,1,6,30,24,7,16,44,0.3,0.347,0.417,0.763,116,0.344,116,118,6,4,1,0,0,3B
281,Xavier Edwards#,24,MIA,NL,2,70,303,265,39,87,12,5,1,26,31,4,33,52,0.328,0.397,0.423,0.82,124,0.383,128,112,0,0,1,4,1,SS
282,Ildemaro Vargas#,32,WSN,NL,-0.5,95,303,272,21,67,16,0,1,30,9,4,19,31,0.246,0.295,0.316,0.611,75,0.273,72,86,9,2,5,5,0,UTIL
283,Emmanuel Rivera,28,2TM,2LG,-0.4,123,302,265,24,63,9,2,5,29,2,0,26,69,0.238,0.312,0.343,0.656,82,0.295,80,91,7,5,1,5,0,3B
284,Edouard Julien*,25,MIN,AL,-0.2,94,301,266,36,53,9,0,8,21,6,0,33,102,0.199,0.292,0.323,0.616,74,0.288,76,86,2,2,0,0,0,2B
285,Ramón Urías,30,BAL,AL,1.5,100,301,272,39,69,9,2,11,37,1,1,23,55,0.254,0.322,0.423,0.745,117,0.326,117,115,0,5,0,1,0,3B
286,Michael A. Taylor,33,PIT,NL,0.9,113,300,269,35,52,9,1,5,21,12,1,23,105,0.193,0.253,0.29,0.543,52,0.255,47,78,3,0,4,4,0,OF
287,Luis Campusano,25,SDP,NL,-0.7,91,299,277,37,63,13,0,8,40,0,0,20,41,0.227,0.281,0.361,0.642,78,0.287,78,100,11,1,0,1,0,C
288,Parker Meadows*,24,DET,AL,2.2,82,298,270,39,66,12,6,9,28,9,4,25,76,0.244,0.31,0.433,0.743,109,0.324,108,117,0,1,1,1,0,OF
289,Nolan Jones*,26,COL,NL,-0.7,79,297,256,28,58,13,1,3,28,5,4,36,91,0.227,0.321,0.32,0.641,75,0.289,73,82,7,1,1,3,2,OF
290,Kerry Carpenter*,26,DET,AL,2.2,87,296,264,37,75,16,5,18,57,0,2,22,75,0.284,0.345,0.587,0.932,159,0.386,156,155,5,4,0,3,1,OF
291,Víctor Robles,27,2TM,2LG,3.1,91,295,254,44,78,20,0,4,28,34,2,21,53,0.307,0.381,0.433,0.814,140,0.384,143,110,2,11,6,3,0,OF
292,Adam Frazier*,32,KCR,AL,0.3,104,294,262,35,53,10,1,4,22,3,0,22,59,0.202,0.282,0.294,0.576,63,0.269,64,77,0,7,3,0,0,2B
293,Max Muncy*,33,LAD,NL,3,73,293,237,47,55,17,0,15,48,1,0,45,77,0.232,0.358,0.494,0.852,141,0.361,136,117,1,5,0,6,3,3B
294,Jose Iglesias,34,NYM,NL,3.1,85,291,270,39,91,16,1,4,26,6,2,12,39,0.337,0.381,0.448,0.83,137,0.361,136,121,4,8,0,1,1,2B
295,Javier Báez,31,DET,AL,-1.1,80,289,272,25,50,12,0,6,37,8,1,12,69,0.184,0.221,0.294,0.516,46,0.236,41,80,10,2,0,3,1,SS
296,Ezequiel Durán,25,TEX,AL,0,92,285,268,26,66,11,0,3,20,1,2,14,63,0.246,0.288,0.321,0.609,75,0.273,75,86,6,2,0,1,0,UTIL
297,Joey Bart,27,PIT,NL,2.2,80,282,253,38,67,11,0,13,45,0,0,22,73,0.265,0.337,0.462,0.799,120,0.349,121,117,8,6,0,1,0,C
298,Jacob Stallings,34,COL,NL,1.8,82,281,243,31,64,17,1,9,36,0,0,27,65,0.263,0.357,0.453,0.81,118,0.355,119,110,10,9,1,1,1,C
299,Kevin Kiermaier*,34,2TM,2LG,1,116,281,259,31,51,9,3,5,26,6,2,12,86,0.197,0.237,0.313,0.55,56,0.253,56,81,4,2,7,1,0,OF
300,Gary Sánchez,31,MIL,NL,0.2,89,280,245,30,54,7,1,11,37,0,0,27,76,0.22,0.307,0.392,0.699,93,0.312,94,96,9,5,0,3,0,DH
301,Randal Grichuk,32,ARI,NL,2.2,106,279,254,40,74,20,2,12,46,0,0,20,46,0.291,0.348,0.528,0.875,140,0.377,142,134,5,3,0,2,0,OF
302,Vidal Bruján#,26,MIA,NL,0.5,102,278,248,32,55,14,2,2,16,5,6,25,54,0.222,0.303,0.319,0.622,70,0.271,64,79,5,4,1,0,3,UTIL
303,Tyler Nevin,27,OAK,AL,-0.2,87,278,245,22,50,10,0,7,20,1,0,25,64,0.204,0.288,0.331,0.618,80,0.279,80,81,5,5,0,3,0,UTIL
304,Jack Suwinski*,25,PIT,NL,-1.7,88,277,247,29,45,8,0,9,26,9,1,27,79,0.182,0.264,0.324,0.588,63,0.277,66,80,3,1,1,1,2,OF
305,Nick Gordon*,28,MIA,NL,-1.7,95,275,260,29,59,11,1,8,32,5,5,11,67,0.227,0.258,0.369,0.627,68,0.263,58,96,5,1,0,3,0,UTIL
306,Victor Caratini#,30,HOU,AL,1.3,87,274,245,30,66,8,1,8,30,0,1,23,53,0.269,0.336,0.408,0.744,113,0.325,113,100,6,3,0,3,1,C
307,Edmundo Sosa,28,PHI,NL,2.3,90,274,249,39,64,12,4,7,31,7,1,13,66,0.257,0.313,0.422,0.734,104,0.33,107,105,5,8,1,2,0,SS
308,Jonah Bride,28,MIA,NL,0.8,71,272,232,30,64,10,0,11,39,0,1,30,55,0.276,0.357,0.461,0.818,121,0.355,122,107,9,3,0,7,1,1B
309,Brett Wisely*,25,SFG,NL,0.5,91,272,252,25,60,13,1,4,31,2,3,13,65,0.238,0.278,0.345,0.623,79,0.271,77,87,3,2,2,3,0,UTIL
310,Chas McCormick,29,HOU,AL,-0.6,94,267,242,32,51,6,1,5,27,8,2,17,72,0.211,0.271,0.306,0.576,66,0.274,71,74,3,4,1,3,0,OF
311,Nick Senzel,29,2TM,2LG,-1.4,74,267,236,25,46,11,0,7,18,1,3,28,61,0.195,0.283,0.331,0.614,75,0.271,74,78,6,1,1,0,1,3B
312,Dylan Carlson#,25,2TM,2LG,-1.2,96,265,235,19,49,7,0,3,25,2,1,22,75,0.209,0.287,0.277,0.563,61,0.256,58,65,2,5,0,3,0,OF
313,Sean Murphy,29,ATL,NL,1.3,72,264,233,19,45,5,1,10,25,0,0,27,67,0.193,0.284,0.352,0.636,76,0.293,81,82,7,3,0,1,1,C
314,Kyle Higashioka,34,SDP,NL,1.4,84,263,246,29,54,10,1,17,45,2,0,15,74,0.22,0.263,0.476,0.739,101,0.324,103,117,3,0,1,1,0,C
315,Joey Loperfido*,25,2TM,AL,0.5,81,262,243,24,52,13,4,4,25,4,2,13,95,0.214,0.264,0.35,0.614,75,0.275,74,85,3,4,1,1,0,OF
316,Matt Wallner*,26,MIN,AL,2.2,75,261,220,26,57,17,1,13,37,3,0,24,95,0.259,0.372,0.523,0.894,149,0.387,149,115,2,16,0,1,0,OF
317,Joey Gallo*,30,WSN,NL,0.3,76,260,223,24,36,9,0,10,27,3,1,32,102,0.161,0.277,0.336,0.613,74,0.282,78,75,1,4,0,1,0,1B
318,David Peralta*,36,SDP,NL,0.8,91,260,236,35,63,11,0,8,28,2,0,22,54,0.267,0.335,0.415,0.75,109,0.335,112,98,3,2,0,0,0,OF
319,Iván Herrera,24,STL,NL,1.7,72,259,229,37,69,12,1,5,27,5,0,25,53,0.301,0.372,0.428,0.8,124,0.362,129,98,3,2,0,2,0,C
320,Jason Heyward*,34,2TM,2LG,1.2,87,258,228,33,48,12,2,10,37,5,0,22,53,0.211,0.288,0.412,0.7,98,0.304,92,94,3,4,0,3,2,OF
321,Austin Martin,25,MIN,AL,-1,93,257,233,41,59,18,1,1,16,7,3,20,47,0.253,0.318,0.352,0.67,89,0.299,87,82,4,2,2,0,0,UTIL
322,Austin Hays,28,2TM,2LG,-0.1,85,255,235,26,60,18,0,5,20,2,2,9,59,0.255,0.303,0.396,0.699,101,0.306,101,93,2,8,1,2,1,OF
323,Willie Calhoun*,29,LAA,AL,-0.2,68,254,229,26,56,16,0,5,20,0,1,23,31,0.245,0.315,0.38,0.695,97,0.301,92,87,5,1,0,1,1,DH
324,Taylor Walls#,27,TBR,AL,1.4,84,252,218,27,40,5,3,1,14,16,4,31,67,0.183,0.282,0.248,0.529,55,0.251,53,54,3,0,0,3,0,SS
325,Juan Yepez,26,WSN,NL,0.6,62,249,226,32,64,15,0,6,26,2,1,18,42,0.283,0.335,0.429,0.764,116,0.337,118,97,9,1,1,3,0,1B
326,Elehuris Montero,25,COL,NL,-1.7,67,247,224,23,46,10,0,4,28,0,0,20,56,0.205,0.267,0.304,0.571,55,0.265,54,68,7,0,0,3,0,1B
327,Chris Taylor,33,LAD,NL,-0.1,87,246,213,28,43,7,1,4,23,5,1,28,76,0.202,0.298,0.3,0.598,73,0.289,82,64,5,2,1,2,0,OF
328,Harold Ramírez,29,2TM,2LG,-0.1,73,246,238,28,62,7,1,2,29,6,2,5,50,0.261,0.28,0.324,0.604,73,0.271,70,77,2,2,0,1,0,DH
329,Robbie Grossman#,34,3TM,AL,-0.3,87,245,208,21,44,8,0,3,16,3,0,34,58,0.212,0.322,0.293,0.616,79,0.291,84,61,8,1,0,2,0,DH
330,Andy Ibáñez,31,DET,AL,1.4,99,244,224,30,54,9,1,5,32,2,3,15,63,0.241,0.295,0.357,0.652,85,0.289,86,80,2,3,0,2,0,UTIL
331,Triston Casas*,24,BOS,AL,0.6,63,243,212,28,51,8,0,13,32,0,1,30,77,0.241,0.337,0.462,0.8,120,0.34,116,98,6,1,0,0,4,1B
332,Yasmani Grandal#,35,PIT,NL,0.6,72,243,215,26,49,10,0,9,27,1,0,24,46,0.228,0.304,0.4,0.704,95,0.327,105,86,7,0,3,1,0,C
333,Kyle Farmer,33,MIN,AL,-0.3,107,242,215,26,46,13,1,5,25,3,5,19,49,0.214,0.293,0.353,0.647,82,0.281,80,76,6,6,0,2,1,UTIL
334,Wilmer Flores,32,SFG,NL,-0.6,71,242,214,19,44,12,0,4,26,0,0,20,33,0.206,0.277,0.318,0.595,72,0.274,76,68,5,3,0,5,1,1B
335,Noelvi Marté,22,CIN,NL,-1.8,66,242,229,24,48,9,0,4,18,9,3,9,75,0.21,0.248,0.301,0.549,49,0.244,40,69,1,3,0,1,0,3B
336,Tim Anderson,31,MIA,NL,-1.5,65,241,234,16,50,3,0,0,9,4,4,7,68,0.214,0.237,0.226,0.463,27,0.204,15,53,6,0,0,0,0,SS
337,Dominic Fletcher*,26,CHW,AL,-0.3,72,241,223,14,46,8,0,1,17,0,0,11,58,0.206,0.252,0.256,0.508,47,0.225,38,57,5,3,2,1,1,OF
338,Anthony Rendon,34,LAA,AL,0.6,57,238,206,21,45,10,0,0,14,6,1,23,35,0.218,0.307,0.267,0.574,66,0.283,75,55,4,5,0,4,0,3B
339,Miguel Vargas,24,2TM,2LG,-0.8,72,237,206,22,31,7,0,5,16,3,1,25,57,0.15,0.249,0.257,0.506,46,0.244,52,53,4,3,0,3,0,3B
340,Jose Trevino,31,NYY,AL,0.6,73,234,209,26,45,5,0,8,28,1,0,20,41,0.215,0.288,0.354,0.642,81,0.287,80,74,12,2,1,2,0,C
341,Stuart Fairchild,28,CIN,NL,1,94,233,209,33,45,8,0,8,30,13,1,17,60,0.215,0.286,0.368,0.654,77,0.314,83,77,1,4,2,1,0,OF
342,James McCann,34,BAL,AL,0.8,65,233,214,27,50,9,0,8,31,1,0,13,56,0.234,0.279,0.388,0.667,94,0.293,93,83,3,2,0,4,0,C
343,Garrett Hampson,29,KCR,AL,0.4,113,231,213,16,49,13,1,0,16,7,2,14,59,0.23,0.275,0.3,0.576,63,0.259,56,64,3,0,2,2,0,UTIL
344,Justyn-Henry Malloy,24,DET,AL,-0.4,71,230,202,18,41,7,1,8,21,1,1,23,85,0.203,0.291,0.366,0.658,86,0.289,84,74,2,3,0,2,0,DH
345,Nelson Velázquez,25,KCR,AL,-0.5,64,230,205,31,41,8,1,8,27,2,0,19,61,0.2,0.274,0.366,0.64,78,0.285,76,75,6,3,0,3,0,DH
346,DJ LeMahieu,35,NYY,AL,-1.6,67,228,201,19,41,5,0,2,26,0,1,19,35,0.204,0.269,0.259,0.527,51,0.244,51,52,13,1,1,6,0,1B
347,Nick Ahmed,34,3TM,NL,-0.3,71,228,210,20,48,6,1,2,17,2,1,11,51,0.229,0.267,0.295,0.562,62,0.254,61,62,6,1,3,3,0,SS
348,Addison Barger*,24,TOR,AL,0.4,69,225,208,20,41,11,0,7,28,2,0,14,60,0.197,0.25,0.351,0.601,70,0.272,70,73,1,1,0,1,0,3B
349,Hunter Goodman,24,COL,NL,-0.8,70,224,211,24,40,9,0,13,36,1,1,8,64,0.19,0.228,0.417,0.645,70,0.27,59,88,5,3,0,2,0,OF
350,Garrett Mitchell*,25,MIL,NL,2,69,224,196,33,50,12,3,8,21,11,4,25,71,0.255,0.342,0.469,0.812,123,0.354,123,92,1,1,2,0,0,OF
351,Cavan Biggio*,29,3TM,2LG,0.1,78,224,188,27,37,5,0,5,19,2,0,24,72,0.197,0.314,0.303,0.617,78,0.286,80,57,1,8,2,0,0,UTIL
352,Enmanuel Valdéz*,25,BOS,AL,-0.6,76,223,201,23,43,12,0,6,28,1,1,17,53,0.214,0.27,0.363,0.633,74,0.277,70,73,4,0,1,4,0,2B
353,Ronald Acuña Jr.,26,ATL,NL,0,49,222,192,38,48,8,1,4,15,16,3,27,53,0.25,0.351,0.365,0.716,101,0.343,110,70,4,3,0,0,0,OF
354,Daniel Schneemann*,27,CLE,AL,0.7,73,221,193,17,42,10,2,5,22,3,2,25,70,0.218,0.303,0.368,0.671,91,0.297,90,71,1,0,0,3,0,UTIL
355,Pedro Pagés,25,STL,NL,0.8,68,218,202,19,48,3,2,7,27,2,0,13,58,0.238,0.281,0.376,0.657,82,0.287,76,76,7,0,1,2,0,C
356,Romy González,27,BOS,AL,0.9,89,216,199,25,53,10,1,6,29,11,3,12,58,0.266,0.306,0.417,0.723,99,0.326,100,83,5,1,0,4,0,UTIL
357,Tyler Soderstrom*,22,OAK,AL,0.5,61,213,189,18,44,10,0,9,26,0,0,20,53,0.233,0.315,0.429,0.743,114,0.33,118,81,7,3,0,1,1,1B
358,Austin Slater,31,3TM,2LG,-0.2,84,212,177,24,37,4,0,2,18,3,2,26,60,0.209,0.321,0.266,0.586,73,0.279,81,47,5,5,0,4,0,UTIL
359,Trey Lipscomb,24,WSN,NL,-0.1,61,211,190,20,38,3,0,1,10,11,2,16,40,0.2,0.268,0.232,0.5,45,0.248,48,44,7,2,1,1,0,UTIL
360,Leo Jiménez,23,TOR,AL,0.9,63,210,179,18,41,11,0,4,19,0,0,12,59,0.229,0.329,0.358,0.686,97,0.31,99,64,6,16,0,3,0,SS
361,Trent Grisham*,27,NYY,AL,0.4,76,209,179,21,34,8,0,9,31,1,1,22,57,0.19,0.29,0.385,0.675,90,0.306,95,69,5,4,1,2,1,OF
362,Kyle Stowers*,26,2TM,2LG,-0.5,69,209,192,15,40,11,2,3,24,0,1,13,74,0.208,0.268,0.333,0.601,65,0.27,64,64,2,3,0,1,0,UTIL
363,Jackson Holliday*,20,BAL,AL,0.1,60,208,190,28,36,4,2,5,23,4,0,15,69,0.189,0.255,0.311,0.565,66,0.265,70,59,1,2,0,1,0,2B
364,Jorge Mateo,29,BAL,AL,0.9,68,208,192,30,44,14,2,5,18,13,2,10,48,0.229,0.267,0.401,0.668,93,0.294,87,77,3,1,2,3,0,2B
365,Travis Jankowski*,33,TEX,AL,0.3,104,207,190,19,38,5,0,1,12,11,1,12,44,0.2,0.266,0.242,0.508,48,0.256,54,46,3,5,0,0,0,UTIL
366,Jhonkensy Noel,22,CLE,AL,1,67,198,179,25,39,7,1,13,28,0,0,13,63,0.218,0.288,0.486,0.774,115,0.333,114,87,1,5,0,1,0,
367,Edward Olivares,28,PIT,NL,-0.7,55,196,174,22,39,4,0,5,23,1,0,16,37,0.224,0.291,0.333,0.624,74,0.285,75,58,3,2,0,4,0,
368,DJ Stewart*,30,NYM,NL,-0.8,74,194,158,16,28,4,0,5,19,1,0,31,48,0.177,0.325,0.297,0.622,81,0.296,89,47,5,4,0,1,0,
369,Connor Norby,24,2TM,2LG,0.2,45,194,178,32,42,9,0,9,20,3,3,15,64,0.236,0.294,0.438,0.732,98,0.309,93,78,2,0,0,1,0,
370,Corey Julks,28,CHW,AL,-1.1,66,189,173,17,37,7,0,3,14,5,2,15,50,0.214,0.275,0.306,0.581,67,0.261,64,53,6,0,0,1,0,
371,Dominic Canzone*,26,SEA,AL,0.2,67,188,168,20,33,7,0,8,17,1,0,18,53,0.196,0.271,0.381,0.652,91,0.29,92,64,5,0,0,2,2,
372,Josh Jung,26,TEX,AL,0.6,46,188,178,19,47,5,1,7,16,4,0,8,48,0.264,0.298,0.421,0.719,104,0.319,103,75,1,1,0,1,0,
373,Garrett Stubbs*,31,PHI,NL,0.4,54,187,164,18,34,4,1,1,11,5,0,17,50,0.207,0.296,0.262,0.558,59,0.271,63,43,0,4,0,1,0,
374,Luis Guillorme*,29,3TM,2LG,0.3,77,187,161,14,33,9,1,0,10,4,2,23,36,0.205,0.301,0.273,0.574,64,0.268,65,44,7,0,1,2,0,
375,Daz Cameron,27,OAK,AL,-0.5,66,186,170,22,34,5,1,5,15,5,0,13,51,0.2,0.258,0.329,0.587,70,0.268,69,56,3,1,0,2,0,
376,Matt Thaiss*,29,LAA,AL,0.6,57,186,157,14,32,9,0,2,16,3,0,28,58,0.204,0.323,0.299,0.622,79,0.295,83,47,2,0,0,1,0,
377,Blaze Alexander,25,ARI,NL,0,61,185,166,19,41,7,0,3,21,3,1,15,49,0.247,0.321,0.343,0.664,86,0.301,87,57,1,3,1,0,0,
378,Brooks Lee#,23,MIN,AL,-0.2,50,185,172,9,38,6,1,3,27,3,0,11,27,0.221,0.265,0.32,0.585,64,0.256,53,55,6,0,0,2,2,
379,Jordan Beck,23,COL,NL,-0.8,55,184,170,14,32,6,0,3,13,7,1,12,65,0.188,0.245,0.276,0.521,41,0.246,36,47,3,1,0,1,1,
380,Cristian Pache,25,3TM,2LG,-0.2,88,183,165,13,33,8,1,1,16,1,0,17,64,0.2,0.273,0.279,0.552,55,0.251,49,46,2,0,0,1,0,
381,Alex Kirilloff*,26,MIN,AL,-0.6,57,178,159,20,32,8,3,5,20,0,0,15,47,0.201,0.27,0.384,0.653,81,0.287,79,61,5,1,0,3,0,
382,Ben Rice*,25,NYY,AL,-0.4,50,178,152,20,26,6,0,7,23,0,1,20,48,0.171,0.264,0.349,0.613,72,0.275,74,53,2,1,0,5,0,
383,Jordan Walker,22,STL,NL,-0.9,51,178,164,16,33,10,1,5,20,1,0,10,50,0.201,0.253,0.366,0.619,71,0.267,63,60,4,2,0,2,0,
384,Junior Caminero,20,TBR,AL,0.7,43,177,165,15,41,9,1,6,18,2,0,11,38,0.248,0.299,0.424,0.724,105,0.315,102,70,2,1,0,0,2,
385,Patrick Wisdom,32,CHC,NL,-0.4,75,174,158,16,27,7,2,8,23,5,0,10,59,0.171,0.237,0.392,0.629,75,0.276,68,62,1,4,1,1,0,
386,Derek Hill,28,3TM,2LG,0,53,172,162,19,39,4,2,7,25,6,2,5,56,0.241,0.271,0.42,0.69,88,0.317,95,68,2,2,2,1,0,
387,Brett Baty*,24,NYM,NL,0.3,50,171,153,15,35,3,0,4,16,0,0,16,42,0.229,0.306,0.327,0.633,82,0.287,83,50,3,1,1,0,1,
388,Nick Loftin,25,KCR,AL,0.2,56,171,148,15,28,4,0,1,14,1,0,19,24,0.189,0.282,0.236,0.519,49,0.258,56,35,4,1,1,2,0,
389,Ángel Martínez#,22,CLE,AL,0.1,43,169,151,16,35,7,0,3,11,3,1,15,33,0.232,0.298,0.338,0.635,81,0.286,80,51,2,0,1,2,0,
390,José Tena*,23,2TM,2LG,0.2,44,168,161,14,43,5,0,3,15,6,1,7,41,0.267,0.298,0.354,0.652,85,0.29,81,57,1,0,0,0,0,
391,Nick Martini*,34,CIN,NL,-0.4,52,163,146,23,31,4,2,5,24,1,3,9,38,0.212,0.272,0.37,0.641,73,0.293,82,54,1,4,0,3,0,
392,Evan Carter*,21,TEX,AL,0.6,45,162,144,23,27,6,2,5,15,2,0,15,43,0.188,0.272,0.361,0.633,80,0.284,79,52,1,2,0,1,0,
393,Gabriel Arias,24,CLE,AL,-0.4,53,161,153,15,34,9,1,3,15,5,2,6,53,0.222,0.255,0.353,0.608,71,0.273,71,54,4,1,0,1,0,
394,Sam Hilliard*,30,COL,NL,0.5,58,158,138,26,33,5,1,10,27,5,2,14,56,0.239,0.305,0.507,0.812,115,0.347,113,70,3,0,4,2,1,
395,Jung Hoo Lee*,25,SFG,NL,0.1,37,158,145,15,38,4,0,2,8,2,3,10,13,0.262,0.31,0.331,0.641,86,0.287,91,48,2,1,0,2,0,
396,Reese McGuire*,29,BOS,AL,0.1,53,158,139,10,29,3,0,3,18,3,0,13,39,0.209,0.28,0.295,0.575,61,0.269,60,41,4,2,1,3,0,
397,Pavin Smith*,28,ARI,NL,0.6,60,158,137,26,37,11,0,9,36,1,0,18,31,0.27,0.348,0.547,0.896,145,0.382,145,75,4,0,0,3,0,
398,Matt Carpenter*,38,STL,NL,-0.1,59,157,137,15,32,7,0,4,15,0,2,15,51,0.234,0.314,0.372,0.686,92,0.301,93,51,0,2,0,2,0,
399,Kyle McCann*,26,OAK,AL,0.2,54,157,140,13,33,4,0,5,15,0,0,16,59,0.236,0.318,0.371,0.69,101,0.305,100,52,2,1,0,0,1,
400,J.D. Davis,31,2TM,AL,-0.4,46,157,142,13,31,5,0,4,6,0,0,12,39,0.218,0.293,0.338,0.631,83,0.278,79,48,5,3,0,0,0,
401,Austin Barnes,34,LAD,NL,0.7,54,156,140,12,37,3,0,1,11,3,0,14,36,0.264,0.331,0.307,0.638,85,0.294,85,43,3,0,2,0,0,
402,Kyle Manzardo*,23,CLE,AL,0,53,156,145,11,34,12,0,5,15,0,0,9,41,0.234,0.282,0.421,0.703,97,0.307,96,61,3,1,0,1,0,
403,Luis Matos,22,SFG,NL,-0.2,45,156,150,14,32,5,0,5,25,0,0,5,24,0.213,0.237,0.347,0.584,66,0.269,73,52,5,0,0,1,1,
404,James Outman*,27,LAD,NL,-0.4,53,156,136,12,20,4,0,4,11,2,1,16,55,0.147,0.256,0.265,0.521,50,0.24,50,36,0,4,0,0,0,
405,Tyler Wade*,29,SDP,NL,-0.7,90,156,138,28,30,3,0,0,8,8,1,11,29,0.217,0.285,0.239,0.524,50,0.25,43,33,0,2,4,0,0,
406,Kris Bryant,32,COL,NL,-0.7,37,155,133,9,29,5,0,2,15,0,0,13,48,0.218,0.323,0.301,0.623,71,0.292,74,40,6,8,0,1,0,
407,Alex Jackson,28,TBR,AL,-0.4,58,155,139,17,17,7,0,3,12,1,0,12,53,0.122,0.201,0.237,0.439,26,0.213,29,33,2,2,1,1,0,
408,Victor Scott II*,23,STL,NL,-0.5,53,155,145,14,26,9,0,2,10,5,1,6,42,0.179,0.219,0.283,0.502,40,0.235,38,41,0,2,0,2,0,
409,Luke Maile,33,CIN,NL,-0.4,53,154,135,8,24,4,0,2,8,2,0,13,52,0.178,0.268,0.252,0.52,44,0.25,43,34,4,4,1,1,0,
410,Tommy Edman#,29,LAD,NL,0.9,37,153,139,20,33,5,1,6,20,6,0,11,30,0.237,0.294,0.417,0.711,101,0.321,101,58,2,1,0,2,0,
411,Martín Maldonado,37,CHW,AL,-1.3,48,147,135,9,16,3,0,4,11,0,0,8,51,0.119,0.174,0.23,0.403,15,0.18,5,31,5,1,3,0,0,
412,Christian Bethancourt,32,2TM,NL,0.3,62,147,139,18,29,7,0,5,22,3,0,5,36,0.209,0.241,0.367,0.608,65,0.278,64,51,2,1,2,0,0,
413,Austin Hedges,31,CLE,AL,-0.6,66,146,132,12,20,3,0,2,15,2,0,6,50,0.152,0.203,0.22,0.422,21,0.199,14,29,2,3,3,2,0,
414,Jonathan Aranda*,26,TBR,AL,0.7,44,143,128,22,30,7,0,6,14,0,0,12,32,0.234,0.308,0.43,0.737,109,0.325,111,55,2,2,0,1,0,
415,Andruw Monasterio,27,MIL,NL,-0.2,59,142,125,14,26,5,0,1,16,6,2,16,40,0.208,0.303,0.272,0.575,62,0.267,60,34,3,1,0,0,0,
416,Danny Mendick,30,CHW,AL,-0.3,47,141,132,13,26,7,0,3,8,6,0,6,35,0.197,0.243,0.318,0.561,60,0.255,53,42,3,2,1,0,0,
417,Tomás Nido,30,2TM,NL,-0.4,49,140,130,14,25,4,0,4,12,0,0,5,35,0.192,0.219,0.315,0.534,50,0.235,44,41,1,0,3,2,0,
418,Darell Hernaiz,22,OAK,AL,-0.8,48,135,120,8,23,3,0,1,12,1,1,11,27,0.192,0.261,0.242,0.503,48,0.235,51,29,4,1,1,2,0,
419,Dairon Blanco,31,KCR,AL,0.1,88,132,120,37,31,4,0,4,13,31,7,8,32,0.258,0.308,0.392,0.699,96,0.327,85,47,2,1,1,1,0,
420,Andrés Chaparro,25,WSN,NL,-0.1,33,132,121,12,26,12,0,4,15,1,1,7,24,0.215,0.28,0.413,0.694,95,0.305,97,50,3,4,0,0,0,
421,Dylan Crews,22,WSN,NL,0.6,31,132,119,12,26,5,1,3,8,12,3,11,26,0.218,0.288,0.353,0.641,82,0.296,82,42,4,1,0,1,0,
422,Curtis Mead,23,TBR,AL,-0.5,38,132,122,10,29,3,0,1,7,2,0,6,30,0.238,0.282,0.287,0.569,65,0.259,61,35,2,2,0,1,0,
423,Riley Adams,28,WSN,NL,0.2,41,130,116,10,26,5,1,2,8,1,0,10,35,0.224,0.292,0.336,0.629,79,0.292,84,39,4,2,0,2,1,
424,Grant McCray*,23,SFG,NL,0,37,130,124,13,25,3,2,5,10,5,0,6,56,0.202,0.238,0.379,0.617,75,0.285,78,47,3,0,0,0,0,
425,Luis Torrens,28,NYM,NL,0.7,47,130,118,14,27,8,0,3,15,0,1,9,28,0.229,0.292,0.373,0.665,89,0.287,86,44,5,2,0,1,0,
426,Mike Trout,32,LAA,AL,1.1,29,126,109,17,24,1,2,10,14,6,1,16,27,0.22,0.325,0.541,0.867,140,0.372,136,59,0,1,0,0,1,
427,Curt Casali,35,SFG,NL,0.3,41,125,108,12,21,3,0,1,8,0,0,13,22,0.194,0.293,0.25,0.543,60,0.27,73,27,3,2,2,0,0,
428,Michael Stefanic,28,LAA,AL,-0.2,40,124,110,8,24,4,0,0,8,0,0,10,20,0.218,0.301,0.255,0.555,61,0.256,58,28,5,3,1,0,0,
429,Christian Encarnacion-Strand,24,CIN,NL,-1,29,123,116,13,22,6,0,2,16,0,0,4,35,0.19,0.22,0.293,0.513,39,0.222,25,34,4,1,0,2,0,
430,Brett Harris,26,OAK,AL,-0.5,36,123,103,15,15,3,0,3,12,0,3,17,25,0.146,0.276,0.262,0.539,59,0.253,71,27,3,2,0,1,0,
431,Henry Davis,24,PIT,NL,-0.6,37,122,104,9,15,4,0,1,5,0,0,13,45,0.144,0.242,0.212,0.453,28,0.226,32,22,1,1,1,2,0,
432,Brooks Baldwin#,23,CHW,AL,0,33,121,114,9,24,6,0,2,8,4,0,6,31,0.211,0.25,0.316,0.566,62,0.263,60,36,1,0,1,0,0,
433,José Abreu,37,HOU,AL,-1.7,35,120,113,10,14,2,0,2,7,0,0,4,28,0.124,0.167,0.195,0.361,4,0.163,-5,22,4,2,0,1,0,
434,Kody Clemens*,28,PHI,NL,0.3,43,120,114,17,25,9,1,5,18,0,0,5,29,0.219,0.258,0.447,0.706,94,0.3,88,51,2,1,0,0,0,
435,Jerar Encarnación,26,SFG,NL,0.1,35,119,113,13,28,5,0,5,19,1,0,5,34,0.248,0.277,0.425,0.702,99,0.301,94,48,0,0,0,1,0,
436,Trey Sweeney*,24,DET,AL,0.7,36,119,110,11,24,5,0,4,17,2,0,7,32,0.218,0.269,0.373,0.642,81,0.29,81,41,3,1,0,1,0,
437,Garrett Cooper,33,2TM,2LG,-0.8,36,116,107,6,22,5,1,1,11,0,0,7,35,0.206,0.267,0.299,0.566,59,0.253,53,32,3,2,0,0,0,
438,Vaughn Grissom,23,BOS,AL,-0.2,31,114,105,10,20,3,0,0,6,2,0,7,24,0.19,0.246,0.219,0.465,31,0.234,35,23,3,1,0,1,0,
439,José Herrera#,27,ARI,NL,-0.2,42,114,97,11,22,4,1,1,13,0,0,9,27,0.227,0.29,0.32,0.609,70,0.272,64,31,1,0,7,1,0,
440,Heston Kjerstad*,25,BAL,AL,0.4,39,114,99,8,25,2,0,4,14,1,0,10,33,0.253,0.351,0.394,0.745,119,0.336,123,39,0,5,0,0,2,
441,Alex Call,29,WSN,NL,1.5,30,113,99,15,34,9,0,3,14,5,1,12,19,0.343,0.425,0.525,0.95,169,0.429,181,52,2,2,0,0,0,
442,Casey Schmitt,25,SFG,NL,0.2,40,113,107,11,27,4,1,6,16,0,0,4,25,0.252,0.283,0.477,0.76,114,0.321,110,51,2,1,0,1,0,
443,Estevan Florial*,26,CLE,AL,0.1,36,111,98,11,17,6,2,3,11,2,1,11,41,0.173,0.264,0.367,0.631,78,0.275,73,36,2,1,1,0,0,
444,Ryan Noda*,28,OAK,AL,-0.6,36,111,95,8,13,4,0,1,4,0,0,14,37,0.137,0.255,0.211,0.465,38,0.222,40,20,0,1,1,0,0,
445,Luis Urías,27,SEA,AL,0.4,41,109,94,11,18,7,0,4,16,0,0,9,34,0.191,0.303,0.394,0.696,105,0.307,106,37,2,6,0,0,0,
446,Sean Bouchard,28,COL,NL,-0.6,31,108,91,14,17,7,0,1,8,4,0,12,33,0.187,0.29,0.297,0.586,60,0.299,73,27,0,2,1,2,0,
447,Dane Myers,28,MIA,NL,0.5,44,108,95,17,25,6,1,3,19,4,1,8,36,0.263,0.333,0.442,0.775,109,0.346,111,42,0,3,0,2,0,
448,Bryan Ramos,22,CHW,AL,-0.2,32,108,99,13,20,4,0,3,11,0,2,7,22,0.202,0.252,0.333,0.586,67,0.273,80,33,3,0,0,1,0,
449,Niko Kavadas*,25,LAA,AL,-0.2,30,106,93,11,17,2,0,4,8,1,0,11,41,0.183,0.283,0.333,0.616,75,0.28,74,31,0,2,0,0,0,
450,Miles Mastrobuoni*,28,CHC,NL,-0.2,50,106,98,9,19,3,0,0,4,2,0,7,17,0.194,0.245,0.224,0.47,35,0.22,29,22,1,0,0,1,0,
451,Trevor Story,31,BOS,AL,0.7,26,106,94,8,24,7,0,2,10,6,3,11,33,0.255,0.34,0.394,0.733,104,0.325,104,37,2,1,0,0,2,
452,Nick Allen,25,OAK,AL,0.2,41,105,97,6,17,4,0,1,4,0,0,5,20,0.175,0.216,0.247,0.463,35,0.215,33,24,0,0,3,0,0,
453,Oliver Dunn*,26,MIL,NL,0.2,41,104,95,11,21,2,2,1,7,3,0,6,40,0.221,0.282,0.316,0.597,66,0.269,58,30,1,2,1,0,0,
454,Alek Thomas*,24,ARI,NL,0,39,103,95,13,18,5,1,3,17,4,1,7,17,0.189,0.245,0.358,0.603,66,0.283,71,34,7,0,1,0,0,
455,Jacob Wilson,22,OAK,AL,-0.2,28,103,92,11,23,2,2,0,3,0,0,8,10,0.25,0.314,0.315,0.629,85,0.281,82,29,4,1,1,1,0,
456,Ben Gamel*,32,2TM,2LG,0.2,38,99,81,22,20,4,0,1,4,1,0,18,24,0.247,0.384,0.333,0.717,109,0.338,118,27,0,0,0,0,1,
457,Aaron Schunk,26,COL,NL,0.2,39,98,94,14,22,3,0,2,7,0,1,4,31,0.234,0.265,0.33,0.595,60,0.26,55,31,0,0,0,0,1,
458,Weston Wilson,29,PHI,NL,0.7,40,98,88,13,25,7,1,3,10,3,0,8,29,0.284,0.347,0.489,0.836,132,0.372,135,43,2,1,0,1,0,
459,Tucker Barnhart*,33,ARI,NL,0.3,31,96,81,13,14,3,0,0,6,1,0,13,31,0.173,0.287,0.21,0.497,42,0.252,49,17,0,0,2,0,0,
460,Yan Gomes,36,CHC,NL,-0.7,34,96,91,7,14,2,0,2,7,0,0,2,36,0.154,0.179,0.242,0.421,18,0.192,12,22,2,1,1,1,0,
461,Alí Sánchez,27,MIA,NL,-0.6,31,96,84,5,14,2,0,0,4,2,1,4,24,0.167,0.211,0.19,0.402,11,0.194,-1,16,2,1,6,1,0,
462,Alika Williams,25,PIT,NL,-0.2,37,96,87,13,18,4,2,0,5,1,0,3,22,0.207,0.242,0.299,0.541,50,0.249,45,26,0,1,5,0,0,
463,Miguel Sanó,31,LAA,AL,-0.1,28,95,83,9,17,3,0,2,6,0,0,9,36,0.205,0.295,0.313,0.608,73,0.272,70,26,2,2,0,1,0,
464,Jace Jung*,23,DET,AL,-0.5,34,94,79,14,19,5,0,0,3,0,1,15,29,0.241,0.362,0.304,0.665,93,0.304,97,24,3,0,0,0,0,
465,Nick Madrigal,27,CHC,NL,-0.4,51,94,86,5,19,3,0,0,10,1,0,4,10,0.221,0.28,0.256,0.535,54,0.246,50,22,2,3,1,0,0,
466,Bobby Dalbec,29,BOS,AL,-0.8,37,93,83,6,11,2,0,1,8,3,0,8,43,0.133,0.217,0.193,0.41,16,0.196,4,16,1,1,1,0,0,
467,Andrew Knizner,29,TEX,AL,-0.9,35,93,90,5,15,1,0,1,9,0,0,1,22,0.167,0.183,0.211,0.394,13,0.183,9,19,2,1,0,1,0,
468,Trey Cabbage*,27,HOU,AL,-0.1,45,91,86,12,18,8,0,1,8,1,1,4,34,0.209,0.253,0.337,0.59,68,0.255,63,29,1,1,0,0,0,
469,Nathan Lukes*,29,TOR,AL,1.2,22,91,76,13,23,4,2,1,10,1,0,10,9,0.303,0.371,0.447,0.818,133,0.355,130,34,1,0,2,3,0,
470,Griffin Conine*,26,MIA,NL,0.7,30,89,82,14,22,4,1,3,12,0,0,6,28,0.268,0.326,0.451,0.777,109,0.332,104,37,1,1,0,0,0,
471,Zack Short,29,3TM,2LG,-0.1,42,88,70,11,9,3,0,0,5,2,1,14,24,0.129,0.282,0.171,0.454,32,0.239,42,12,0,1,3,0,0,
471,Zack Short,29,2TM,NL,0.1,40,81,63,11,9,3,0,0,5,2,1,14,20,0.143,0.308,0.19,0.498,45,0.26,57,12,0,1,3,0,0,
471,Zack Short,29,NYM,NL,-0.1,10,12,9,2,1,0,0,0,0,0,1,2,4,0.111,0.273,0.111,0.384,16,0.162,20,1,0,0,1,0,0,
471,Zack Short,29,BOS,AL,-0.2,2,7,7,0,0,0,0,0,0,0,0,0,4,0,0,0,0,-100,0,-130,0,0,0,0,0,0,
471,Zack Short,29,ATL,NL,0.2,30,69,54,9,8,3,0,0,5,2,0,12,16,0.148,0.313,0.204,0.517,49,0.276,63,11,0,1,2,0,0,
472,Adrian Del Castillo*,24,ARI,NL,0.5,25,87,80,12,25,5,0,4,19,1,1,7,28,0.313,0.368,0.525,0.893,146,0.379,146,42,1,0,0,0,0,
473,Dillon Dingler,25,DET,AL,-0.3,27,87,84,2,14,5,2,1,11,0,0,3,30,0.167,0.195,0.31,0.505,41,0.217,31,26,2,0,0,0,0,
474,Leo Rivas#,26,SEA,AL,0.3,43,86,73,10,17,1,1,0,8,3,0,10,24,0.233,0.333,0.274,0.607,84,0.29,87,20,1,1,2,0,0,
475,Nick Sogard#,26,BOS,AL,0.3,31,86,77,13,21,4,0,0,8,3,0,7,25,0.273,0.326,0.325,0.65,82,0.299,79,25,4,0,0,2,0,
476,Will Wagner*,25,TOR,AL,0.7,24,86,82,8,25,6,0,2,11,0,0,4,16,0.305,0.337,0.451,0.788,124,0.354,130,37,3,0,0,0,0,
477,Akil Baddoo*,25,DET,AL,-0.5,31,82,73,7,10,2,2,2,5,1,0,8,27,0.137,0.22,0.301,0.521,47,0.23,39,22,0,0,0,1,0,
478,Ji Hwan Bae*,24,PIT,NL,-0.4,29,81,74,11,14,2,0,0,6,6,2,6,24,0.189,0.247,0.216,0.463,31,0.228,31,16,0,0,0,1,0,
479,Marco Luciano,22,SFG,NL,-0.4,27,81,76,10,16,5,1,0,3,0,1,5,28,0.211,0.259,0.303,0.562,62,0.275,82,23,1,0,0,0,0,
480,Brandon Crawford*,37,STL,NL,-0.2,28,80,71,5,12,5,0,1,4,0,0,8,26,0.169,0.263,0.282,0.544,53,0.247,49,20,0,1,0,0,0,
481,José Azocar,28,SDP,NL,-0.4,61,79,73,13,16,2,0,0,2,5,1,5,19,0.219,0.269,0.247,0.516,46,0.265,56,18,1,0,1,0,0,
482,José Fermín,25,STL,NL,-0.6,45,79,71,7,11,1,1,0,4,2,1,7,11,0.155,0.241,0.197,0.438,25,0.205,19,14,3,1,0,0,0,
483,Daniel Vogelbach*,31,TOR,AL,-0.4,31,79,70,5,13,5,0,1,8,0,0,9,17,0.186,0.278,0.3,0.578,66,0.262,65,21,4,0,0,0,0,
484,Nasim Nuñez#,23,WSN,NL,0.7,51,78,61,14,15,1,0,0,1,8,2,12,15,0.246,0.37,0.262,0.632,85,0.331,106,16,1,0,5,0,0,
485,Joshua Palacios*,28,PIT,NL,-0.1,23,78,67,10,15,2,0,2,9,1,0,10,12,0.224,0.333,0.343,0.677,90,0.308,90,23,1,1,0,0,0,
486,Chuckie Robinson,29,CHW,AL,-0.5,26,76,70,2,9,0,0,0,0,0,0,5,20,0.129,0.197,0.129,0.326,-3,0.171,0,9,1,1,0,0,0,
487,Zach DeLoach*,25,CHW,AL,-0.1,22,75,67,10,14,5,0,1,5,0,1,8,21,0.209,0.293,0.328,0.622,79,0.28,84,22,0,0,0,0,0,
488,Bligh Madris*,28,DET,AL,0.2,21,75,67,8,18,3,0,1,5,0,0,6,20,0.269,0.324,0.358,0.683,95,0.298,89,24,0,0,0,1,0,
489,Jon Berti,34,NYY,AL,0.6,25,74,66,10,18,0,0,1,6,5,1,6,14,0.273,0.342,0.318,0.661,90,0.334,108,21,2,1,1,0,0,
490,Eric Wagaman,26,LAA,AL,0.4,18,74,72,6,18,5,0,2,10,0,0,2,17,0.25,0.27,0.403,0.673,88,0.291,83,29,1,0,0,0,0,
491,Bryce Johnson#,28,SDP,NL,-0.3,47,73,63,9,13,2,0,0,4,1,1,7,12,0.206,0.286,0.238,0.524,50,0.237,43,15,1,0,3,0,0,
492,Jacob Amaya,25,2TM,AL,-0.1,24,72,68,4,12,1,0,0,3,1,0,4,28,0.176,0.222,0.191,0.413,21,0.191,13,13,3,0,0,0,0,
492,Jacob Amaya,25,HOU,AL,0,1,1,1,0,0,0,0,0,0,0,0,0,0,0,0,0,0,-100,0,-127,0,0,0,0,0,0,
492,Jacob Amaya,25,CHW,AL,0,23,71,67,4,12,1,0,0,3,1,0,4,28,0.179,0.225,0.194,0.419,23,0.194,15,13,3,0,0,0,0,
493,Ryan Bliss,24,SEA,AL,0.4,33,71,63,10,14,3,1,2,9,5,3,5,22,0.222,0.29,0.397,0.687,102,0.292,98,25,1,1,2,0,0,
494,Jack López,31,LAA,AL,0,27,71,67,4,17,3,0,1,6,0,1,2,25,0.254,0.286,0.343,0.629,78,0.289,87,23,2,1,1,0,0,
495,Brian Serven,29,TOR,AL,0.2,28,71,63,6,10,4,0,0,3,0,0,5,22,0.159,0.243,0.222,0.465,35,0.229,40,14,0,2,1,0,0,
496,Eric Haase,31,MIL,NL,0.4,30,69,66,10,18,1,0,5,14,0,0,3,28,0.273,0.304,0.515,0.819,122,0.359,128,34,0,0,0,0,0,
497,Omar Narváez*,32,NYM,NL,-0.9,28,69,65,4,10,2,0,0,5,0,0,3,12,0.154,0.191,0.185,0.376,9,0.172,-1,12,2,0,1,0,0,
498,Jacob Hurtubise*,26,CIN,NL,-0.1,29,68,54,7,10,1,1,0,4,2,0,6,18,0.185,0.297,0.241,0.538,50,0.275,55,13,0,3,4,1,0,
499,Jasson Domínguez#,21,NYY,AL,-0.1,18,67,56,8,10,1,0,2,4,5,0,11,19,0.179,0.313,0.304,0.617,77,0.315,88,17,0,0,0,0,0,
500,Braden Shewmake*,26,CHW,AL,-0.6,29,67,64,4,8,2,0,1,4,5,1,1,10,0.125,0.134,0.203,0.337,-5,0.154,-19,13,0,0,0,2,0,
501,Alan Trejo,28,COL,NL,-0.8,28,67,63,4,9,0,0,0,1,0,0,2,15,0.143,0.182,0.143,0.325,-10,0.154,-27,9,2,1,1,0,0,
502,Jonatan Clase#,22,2TM,AL,-0.1,26,66,61,7,15,2,0,1,5,3,1,3,17,0.246,0.303,0.328,0.631,86,0.299,94,20,1,2,0,0,0,
502,Jonatan Clase#,22,SEA,AL,-0.2,19,43,41,4,8,1,0,0,3,3,0,2,14,0.195,0.233,0.22,0.452,36,0.221,32,9,1,0,0,0,0,
502,Jonatan Clase#,22,TOR,AL,0.2,7,23,20,3,7,1,0,1,2,0,1,1,3,0.35,0.435,0.55,0.985,180,0.443,210,11,0,2,0,0,0,
503,Zach Dezenzo,24,HOU,AL,-0.2,19,65,62,5,15,2,0,2,8,0,0,3,22,0.242,0.277,0.371,0.648,84,0.307,98,23,3,0,0,0,0,
504,Yuli Gurriel,40,KCR,AL,0.1,18,65,54,7,13,3,0,0,6,1,0,9,15,0.241,0.338,0.296,0.635,82,0.289,78,16,1,0,0,2,0,
505,Ryan Kreidler,26,DET,AL,-0.5,35,65,59,9,7,0,0,1,2,5,3,6,19,0.119,0.2,0.169,0.369,7,0.17,1,10,2,0,0,0,0,
506,Esteury Ruiz,25,OAK,AL,-0.1,29,65,55,10,11,2,1,2,8,5,4,4,20,0.2,0.27,0.382,0.652,87,0.266,80,21,1,2,2,2,0,
507,Pablo Reyes,30,2TM,2LG,-0.7,22,64,60,5,11,2,0,0,5,1,2,3,19,0.183,0.234,0.217,0.451,27,0.196,20,13,1,1,0,0,0,
507,Pablo Reyes,30,BOS,AL,-0.7,21,64,60,4,11,2,0,0,5,1,2,3,19,0.183,0.234,0.217,0.451,27,0.196,20,13,1,1,0,0,0,
507,Pablo Reyes,30,NYM,NL,0,1,0,0,1,0,0,0,0,0,0,0,0,0,,,,,,,,0,0,0,0,0,0,
508,Aaron Hicks#,34,LAA,AL,-0.7,18,63,57,6,8,0,0,1,5,0,0,6,23,0.14,0.222,0.193,0.415,20,0.196,15,11,1,0,0,0,0,
509,David Dahl*,30,PHI,NL,0.3,19,62,58,6,12,2,0,3,8,0,0,3,21,0.207,0.242,0.397,0.638,76,0.287,79,23,0,0,0,1,0,
510,Mike Ford*,31,CIN,NL,-0.7,17,62,60,2,9,0,1,1,4,0,0,2,15,0.15,0.177,0.233,0.411,11,0.181,-4,14,1,0,0,0,0,
511,Drew Millas#,26,WSN,NL,0.4,20,62,57,7,14,1,0,1,1,4,0,5,16,0.246,0.306,0.316,0.622,78,0.302,82,18,1,0,0,0,0,
512,Jared Walsh*,30,TEX,AL,-0.2,17,60,53,9,12,2,0,1,7,0,0,7,21,0.226,0.317,0.321,0.637,85,0.288,84,17,2,0,0,0,0,
513,Kyren Paris,22,LAA,AL,-0.3,21,59,51,4,6,2,0,1,5,1,0,7,17,0.118,0.224,0.216,0.44,26,0.225,32,11,1,0,0,0,0,
514,David Hensley,28,MIA,NL,-0.4,23,58,52,9,11,1,0,1,4,1,0,6,17,0.212,0.293,0.288,0.582,60,0.262,51,15,0,0,0,0,0,
515,Tyler Black*,23,MIL,NL,-0.1,18,57,49,4,10,2,0,0,2,3,0,7,17,0.204,0.316,0.245,0.561,59,0.28,62,12,0,1,0,0,0,
516,Mason McCoy,29,SDP,NL,-0.1,19,57,49,7,10,2,0,0,3,1,0,5,19,0.204,0.278,0.245,0.523,49,0.24,38,12,2,0,3,0,0,
517,Eguy Rosario,24,SDP,NL,0.3,30,57,53,5,13,6,0,3,6,0,0,2,20,0.245,0.286,0.528,0.814,121,0.339,116,28,1,1,1,0,0,
518,Cole Tucker#,27,LAA,AL,-0.5,24,57,50,3,9,4,1,0,3,3,1,6,17,0.18,0.263,0.3,0.563,60,0.255,55,15,0,0,0,1,0,
519,Rafael Marchán#,25,PHI,NL,0.7,17,56,51,8,15,4,0,3,6,0,0,3,8,0.294,0.345,0.549,0.894,147,0.379,147,28,1,1,1,0,0,
520,Chadwick Tromp,29,ATL,NL,0.2,19,54,52,3,13,6,0,0,6,0,0,1,17,0.25,0.259,0.365,0.625,72,0.282,73,19,2,0,0,1,0,
521,Drew Romo#,22,COL,NL,-0.2,16,53,51,4,9,3,0,0,6,0,1,2,18,0.176,0.208,0.235,0.443,20,0.186,5,12,2,0,0,0,0,
522,Thomas Saggese,22,STL,NL,-0.2,18,52,49,5,10,2,0,1,4,0,0,2,14,0.204,0.25,0.306,0.556,55,0.246,48,15,0,1,0,0,0,
523,Luke Williams,27,ATL,NL,0.2,34,52,46,8,9,3,0,0,4,3,0,4,13,0.196,0.275,0.261,0.535,51,0.277,59,12,1,1,1,0,0,
524,Avisaíl García,33,MIA,NL,-0.2,18,51,50,4,12,1,0,2,2,0,0,1,13,0.24,0.255,0.38,0.635,70,0.269,58,19,4,0,0,0,0,
525,Rece Hinds,23,CIN,NL,0.7,24,51,46,9,12,4,1,5,11,2,0,4,16,0.261,0.333,0.717,1.051,176,0.435,173,33,0,1,0,0,0,
526,Austin Shenton*,26,TBR,AL,0.1,19,50,42,3,9,5,0,1,3,0,0,8,14,0.214,0.34,0.405,0.745,114,0.329,114,17,1,0,0,0,0,
527,Luken Baker,27,STL,NL,-0.2,21,49,40,3,7,1,1,2,10,1,0,7,11,0.175,0.286,0.4,0.686,90,0.298,83,16,1,0,0,2,0,
528,Billy Cook,25,PIT,NL,0.6,16,49,49,5,11,2,0,3,8,1,0,0,19,0.224,0.224,0.449,0.673,82,0.287,73,22,0,0,0,0,0,
529,Tyler Locklear,23,SEA,AL,-0.3,16,49,45,3,7,1,0,2,3,1,0,3,20,0.156,0.224,0.311,0.536,57,0.241,55,14,3,1,0,0,0,
530,René Pinto,27,TBR,AL,-0.1,19,49,42,5,9,3,0,2,6,0,0,4,18,0.214,0.292,0.429,0.72,104,0.306,97,18,0,1,1,1,0,
531,Ryan Vilade,25,DET,AL,-0.7,17,49,45,5,8,0,0,1,5,0,0,2,12,0.178,0.208,0.244,0.453,29,0.218,31,11,2,0,1,1,0,
532,Davis Wendzel,27,TEX,AL,-0.1,27,49,47,2,6,2,0,1,2,0,0,1,12,0.128,0.163,0.234,0.397,13,0.174,3,11,1,1,0,0,0,
533,David Bote,31,CHC,NL,0.2,37,48,46,4,14,4,0,0,6,0,0,2,13,0.304,0.333,0.391,0.725,105,0.317,103,18,1,0,0,0,0,
534,Gustavo Campero#,26,LAA,AL,-0.1,13,48,46,6,11,0,1,1,6,3,0,0,8,0.239,0.271,0.348,0.619,74,0.305,83,16,0,2,0,0,0,
535,Jamie Westbrook,29,BOS,AL,-0.1,21,48,40,4,6,2,0,2,7,0,0,4,14,0.15,0.234,0.35,0.584,60,0.271,63,14,0,1,0,2,0,
536,Jahmai Jones,26,NYY,AL,0,33,47,42,8,10,1,1,1,4,1,1,2,16,0.238,0.304,0.381,0.685,93,0.293,89,16,0,2,1,0,0,
537,Coby Mayo,22,BAL,AL,-0.7,17,46,41,4,4,0,0,0,0,0,0,4,22,0.098,0.196,0.098,0.293,-10,0.153,-7,4,1,1,0,0,0,
538,Shay Whitcomb,25,HOU,AL,-0.4,20,46,41,1,9,3,0,0,5,0,0,5,8,0.22,0.304,0.293,0.597,73,0.27,72,12,1,0,0,0,0,
539,Steward Berroa#,25,TOR,AL,0.3,28,45,37,7,7,1,0,0,1,6,2,8,14,0.189,0.333,0.216,0.55,63,0.298,83,8,0,0,0,0,0,
540,Yoán Moncada#,29,CHW,AL,0.3,12,45,40,4,11,3,1,0,0,1,0,5,11,0.275,0.356,0.4,0.756,117,0.337,116,16,2,0,0,0,0,
541,Justin Foscue,25,TEX,AL,-0.7,15,44,42,3,2,1,0,0,1,0,0,2,18,0.048,0.091,0.071,0.162,-52,0.08,-65,3,0,0,0,0,0,
542,Seby Zavala,30,SEA,AL,-0.3,18,43,39,4,6,2,0,1,2,0,0,3,16,0.154,0.214,0.282,0.496,46,0.221,43,11,2,0,1,0,0,
543,Eli White,30,ATL,NL,0.3,35,42,39,9,11,1,1,1,4,3,1,1,12,0.282,0.333,0.436,0.769,113,0.33,105,17,1,2,0,0,0,
544,Nick Yorke,22,PIT,NL,-0.2,11,42,37,4,8,0,0,2,5,2,0,4,12,0.216,0.286,0.378,0.664,84,0.299,78,14,0,0,0,1,0,
545,Luisangel Acuña,22,NYM,NL,0.5,14,40,39,6,12,2,1,3,6,0,1,1,6,0.308,0.325,0.641,0.966,168,0.387,165,25,1,0,0,0,0,
546,Jonathan Ornelas,24,TEX,AL,0,18,40,37,1,8,2,0,0,3,0,0,2,13,0.216,0.256,0.27,0.527,52,0.237,46,10,0,0,1,0,0,
547,Jhonny Pereda,28,MIA,NL,-0.1,20,40,39,2,9,0,0,0,4,0,0,0,10,0.231,0.25,0.231,0.481,33,0.239,37,9,2,1,0,0,0,
548,Johnathan Rodríguez,24,CLE,AL,-0.4,13,40,31,6,4,1,0,0,5,0,0,9,14,0.129,0.325,0.161,0.486,46,0.25,55,5,1,0,0,0,0,
549,Armando Alvarez,29,OAK,AL,-0.4,16,39,37,7,9,1,0,0,2,1,0,2,8,0.243,0.282,0.27,0.552,63,0.252,57,10,1,0,0,0,0,
550,Zach Remillard,30,CHW,AL,0.2,15,39,33,3,8,1,1,0,1,1,0,5,10,0.242,0.342,0.333,0.675,96,0.331,111,11,1,0,1,0,0,
551,Jordyn Adams,24,LAA,AL,-0.2,11,38,35,4,8,0,0,1,4,2,0,3,12,0.229,0.289,0.314,0.604,72,0.28,67,11,1,0,0,0,0,
552,Oscar Colás*,25,CHW,AL,0.1,13,38,33,1,9,0,0,0,4,0,1,4,10,0.273,0.368,0.273,0.641,89,0.285,91,9,0,1,0,0,0,
553,Tom Murphy,33,SFG,NL,-0.4,13,38,34,3,4,1,0,1,2,0,0,4,14,0.118,0.211,0.235,0.446,29,0.206,27,8,0,0,0,0,0,
554,Blake Sabol*,26,SFG,NL,0.3,11,38,32,3,10,2,0,0,1,0,0,5,9,0.313,0.421,0.375,0.796,133,0.35,132,12,0,1,0,0,1,
555,Logan Driscoll*,26,TBR,AL,-0.1,15,37,35,2,6,0,0,1,5,0,0,1,6,0.171,0.189,0.257,0.446,27,0.186,11,9,0,0,0,1,0,
556,David Villar,27,SFG,NL,0,11,37,35,3,9,4,0,1,4,0,0,1,13,0.257,0.27,0.457,0.727,105,0.302,96,16,0,0,0,1,0,
557,Joey Wendle*,34,NYM,NL,-0.1,18,37,36,3,8,1,0,0,1,1,0,1,9,0.222,0.243,0.25,0.493,42,0.225,34,9,0,0,0,0,0,
558,Adael Amador#,21,COL,NL,-0.4,10,36,35,1,6,1,0,0,0,1,0,1,6,0.171,0.194,0.2,0.394,8,0.21,10,7,1,0,0,0,0,
559,Javier Sanoja,21,MIA,NL,0,15,36,35,3,8,2,0,0,2,0,0,1,4,0.229,0.25,0.286,0.536,46,0.235,34,10,2,0,0,0,0,
560,Forrest Wall*,28,2TM,NL,0,16,35,32,4,8,0,0,0,1,4,3,3,8,0.25,0.314,0.25,0.564,61,0.235,52,8,0,0,0,0,0,
560,Forrest Wall*,28,ATL,NL,0,13,32,29,3,7,0,0,0,1,3,3,3,6,0.241,0.313,0.241,0.554,58,0.222,49,7,0,0,0,0,0,
560,Forrest Wall*,28,MIA,NL,0,3,3,3,1,1,0,0,0,0,1,0,0,2,0.333,0.333,0.333,0.667,83,0.379,82,1,0,0,0,0,0,
561,Aledmys Díaz,33,2TM,AL,-0.6,14,34,33,2,3,0,0,0,1,0,0,1,9,0.091,0.118,0.091,0.209,-38,0.099,-49,3,0,0,0,0,0,
561,Aledmys Díaz,33,OAK,AL,-0.5,12,30,29,2,3,0,0,0,1,0,0,1,7,0.103,0.133,0.103,0.237,-29,0.112,-39,3,0,0,0,0,0,
561,Aledmys Díaz,33,HOU,AL,-0.1,2,4,4,0,0,0,0,0,0,0,0,0,2,0,0,0,0,-100,0,-124,0,0,0,0,0,0,
562,Niko Goodrum#,32,2TM,AL,-0.8,13,33,29,2,3,0,0,0,0,1,1,3,10,0.103,0.188,0.103,0.291,-13,0.168,1,3,0,0,1,0,0,
562,Niko Goodrum#,32,TBR,AL,-0.4,9,18,16,1,3,0,0,0,0,0,1,1,6,0.188,0.235,0.188,0.423,24,0.169,16,3,0,0,1,0,0,
562,Niko Goodrum#,32,LAA,AL,-0.5,4,15,13,1,0,0,0,0,0,1,0,2,4,0,0.133,0,0.133,-57,0.168,-16,0,0,0,0,0,0,
563,Nacho Alvarez Jr.,21,ATL,NL,-0.5,8,32,30,1,3,0,0,0,0,0,0,0,10,0.1,0.156,0.1,0.256,-26,0.129,-37,3,1,2,0,0,0,
564,Travis Blankenhorn*,27,WSN,NL,-0.5,13,32,31,2,4,1,0,0,5,0,0,1,9,0.129,0.156,0.161,0.318,-9,0.144,-21,5,0,0,0,0,0,
565,Graham Pauley*,23,SDP,NL,-0.4,13,32,32,4,4,0,0,2,5,0,0,0,15,0.125,0.125,0.313,0.438,17,0.179,0,10,1,0,0,0,0,
566,César Salazar*,28,HOU,AL,0.2,12,32,25,5,8,2,0,0,8,0,0,2,6,0.32,0.387,0.4,0.787,128,0.344,125,10,0,2,1,2,0,
567,Luis De Los Santos,26,TOR,AL,-0.1,13,31,29,2,5,2,0,0,1,0,0,2,10,0.172,0.226,0.241,0.467,34,0.208,26,7,2,0,0,0,0,
568,Tristan Gray*,28,2TM,2LG,-0.1,15,31,28,0,3,1,0,0,0,0,0,3,16,0.107,0.194,0.143,0.336,-1,0.164,-5,4,0,0,0,0,0,
568,Tristan Gray*,28,MIA,NL,-0.1,7,7,7,0,0,0,0,0,0,0,0,0,3,0,0,0,0,-100,0,-136,0,0,0,0,0,0,
568,Tristan Gray*,28,OAK,AL,0,8,24,21,0,3,1,0,0,0,0,0,3,13,0.143,0.25,0.19,0.44,31,0.212,33,4,0,0,0,0,0,
569,Jason Vosler*,30,SEA,AL,-0.1,10,30,28,2,5,1,1,0,3,0,0,2,9,0.179,0.233,0.286,0.519,53,0.229,50,8,0,0,0,0,0,
570,Trenton Brooks*,28,SFG,NL,-0.2,12,29,25,3,3,0,0,0,1,1,0,4,6,0.12,0.241,0.12,0.361,10,0.193,12,3,1,0,0,0,0,
571,Blake Dunn,25,CIN,NL,-0.2,19,29,26,8,4,1,0,1,1,2,0,2,11,0.154,0.241,0.308,0.549,49,0.263,44,8,1,1,0,0,0,
572,Ehire Adrianza#,34,LAA,AL,0.1,8,28,26,4,5,1,0,1,2,0,0,2,11,0.192,0.25,0.346,0.596,67,0.255,58,9,1,0,0,0,0,
573,Alexander Canario,24,CHC,NL,0.3,15,28,25,4,7,1,0,1,2,1,0,2,11,0.28,0.357,0.44,0.797,125,0.35,120,11,0,1,0,0,0,
574,Charles Leblanc,28,LAA,AL,0.1,11,28,21,6,4,0,0,2,6,0,0,7,9,0.19,0.393,0.476,0.869,146,0.378,145,10,0,0,0,0,0,
575,Billy McKinney*,29,PIT,NL,0,10,28,25,4,5,1,0,0,2,0,0,2,13,0.2,0.286,0.24,0.526,49,0.247,48,6,1,1,0,0,0,
576,Matt Mervis*,26,CHC,NL,-0.4,9,28,26,1,3,1,0,0,3,0,0,1,8,0.115,0.148,0.154,0.302,-14,0.138,-31,4,0,0,0,0,0,
577,Joey Wiemer,25,2TM,NL,-0.2,21,28,26,2,4,0,0,0,0,1,1,2,9,0.154,0.214,0.154,0.368,5,0.165,-5,4,0,0,0,0,0,
577,Joey Wiemer,25,MIL,NL,-0.2,19,27,26,2,4,0,0,0,0,1,1,1,9,0.154,0.185,0.154,0.339,-4,0.145,-19,4,0,0,0,0,0,
577,Joey Wiemer,25,CIN,NL,0,2,1,0,0,0,0,0,0,0,0,0,1,0,,1,,,,0.691,373,0,0,0,0,0,0,
578,Keston Hiura,27,LAA,AL,-0.6,10,27,27,1,4,0,0,0,1,0,1,0,10,0.148,0.148,0.148,0.296,-15,0.11,-33,4,0,0,0,0,0,
579,Owen Miller,27,MIL,NL,-0.5,14,27,27,2,5,1,0,0,3,0,0,0,8,0.185,0.185,0.222,0.407,13,0.175,-5,6,1,0,0,0,0,
580,Cal Stevenson*,27,PHI,NL,-0.1,18,27,24,2,6,3,0,0,6,0,0,3,4,0.25,0.333,0.375,0.708,99,0.311,96,9,1,0,0,0,0,
581,Jace Peterson*,34,ARI,NL,-0.6,14,26,22,2,1,0,0,0,1,0,0,3,6,0.045,0.154,0.045,0.199,-40,0.114,-48,1,1,0,0,1,0,
582,Buddy Kennedy,25,2TM,2LG,0.2,14,26,21,3,4,1,0,1,6,1,0,4,7,0.19,0.308,0.381,0.689,94,0.311,90,8,0,0,0,1,0,
582,Buddy Kennedy,25,DET,AL,0.2,6,13,10,2,2,0,0,1,4,1,0,2,4,0.2,0.308,0.5,0.808,125,0.35,114,5,0,0,0,1,0,
582,Buddy Kennedy,25,PHI,NL,0,8,13,11,1,2,1,0,0,2,0,0,2,3,0.182,0.308,0.273,0.58,66,0.271,67,3,0,0,0,0,0,
583,Grae Kessinger,26,HOU,AL,-0.4,22,25,21,4,0,0,0,0,0,0,0,3,7,0,0.16,0,0.16,-48,0.111,-42,0,1,1,0,0,0,
584,Donovan Walton*,30,SFG,NL,0,9,25,22,3,3,0,0,1,2,0,0,2,7,0.136,0.24,0.273,0.513,48,0.236,49,6,2,1,0,0,0,
585,Mickey Gasper#,28,BOS,AL,-0.2,13,23,18,1,0,0,0,0,0,0,0,4,8,0,0.217,0,0.217,-32,0.151,-22,0,1,1,0,0,0,
586,Pedro León,26,HOU,AL,-0.3,7,21,20,2,2,0,0,0,0,2,0,1,10,0.1,0.143,0.1,0.243,-28,0.141,-38,2,2,0,0,0,0,
587,Austin Wynns,33,CIN,NL,0.4,7,20,19,3,7,4,0,0,2,0,0,0,5,0.368,0.4,0.579,0.979,164,0.409,160,11,0,1,0,0,0,
588,Isaac Collins#,26,MIL,NL,-0.3,11,19,17,0,2,0,0,0,0,1,0,2,10,0.118,0.211,0.118,0.328,-5,0.175,-14,2,0,0,0,0,0,
589,Jason Delay,29,PIT,NL,0.1,7,19,15,1,3,3,0,0,6,0,0,3,0,0.2,0.333,0.4,0.733,104,0.322,102,6,0,0,1,0,0,
590,Drew Waters#,25,KCR,AL,0,7,19,16,2,3,1,0,0,1,0,0,2,6,0.188,0.316,0.25,0.566,63,0.265,63,4,0,1,0,0,0,
591,Jorge Barrosa#,23,ARI,NL,0,8,18,17,3,3,2,0,0,1,1,0,0,2,0.176,0.176,0.294,0.471,28,0.213,9,5,0,0,1,0,0,
592,Bubba Thompson,26,CIN,NL,-0.3,17,18,18,5,2,1,0,0,0,5,0,0,11,0.111,0.111,0.167,0.278,-25,0.186,-47,3,1,0,0,0,0,
593,Rafael Ortega*,33,CHW,AL,-0.2,14,17,14,4,1,0,0,0,1,2,0,2,4,0.071,0.176,0.071,0.248,-24,0.21,8,1,1,0,0,1,0,
594,Brett Sullivan*,30,SDP,NL,0,7,17,16,1,3,0,0,1,2,0,0,1,4,0.188,0.235,0.375,0.61,67,0.253,54,6,0,0,0,0,0,
595,Sam Haggerty#,30,SEA,AL,-0.3,8,16,15,1,1,0,0,0,1,1,0,1,4,0.067,0.125,0.067,0.192,-41,0.114,-43,1,0,0,0,0,0,
596,Tyler Heineman#,33,2TM,AL,0.2,7,16,12,2,1,0,0,0,0,0,0,3,6,0.083,0.313,0.083,0.396,22,0.223,35,1,0,1,0,0,0,
596,Tyler Heineman#,33,BOS,AL,0.1,2,3,2,0,0,0,0,0,0,0,0,0,1,0,0.333,0,0.333,5,0.239,41,0,0,1,0,0,0,
596,Tyler Heineman#,33,TOR,AL,0.1,5,13,10,2,1,0,0,0,0,0,0,3,5,0.1,0.308,0.1,0.408,25,0.22,34,1,0,0,0,0,0,
597,Liván Soto*,24,2TM,2LG,0.1,13,16,13,1,3,1,0,0,0,0,0,3,3,0.231,0.375,0.308,0.683,102,0.318,107,4,0,0,0,0,0,
597,Liván Soto*,24,CIN,NL,-0.1,1,3,3,0,0,0,0,0,0,0,0,0,1,0,0,0,0,-100,0,-138,0,0,0,0,0,0,
597,Liván Soto*,24,BAL,AL,0.2,12,13,10,1,3,1,0,0,0,0,0,3,2,0.3,0.462,0.4,0.862,157,0.392,164,4,0,0,0,0,0,
598,Kameron Misner*,26,TBR,AL,-0.3,8,15,15,0,1,0,0,0,0,0,0,0,10,0.067,0.067,0.067,0.133,-61,0.06,-79,1,0,0,0,0,0,
599,Carlos Narváez,25,NYY,AL,0.1,6,15,13,0,3,0,0,0,0,0,0,2,6,0.231,0.333,0.231,0.564,65,0.27,69,3,0,0,0,0,0,
600,Jakson Reetz,28,SFG,NL,-0.2,6,15,14,1,2,1,0,1,1,0,0,1,5,0.143,0.2,0.429,0.629,75,0.263,69,6,1,0,0,0,0,
601,Ryan McKenna,27,2TM,2LG,0.1,13,15,14,4,3,0,0,2,2,1,1,1,5,0.214,0.267,0.643,0.91,154,0.354,147,9,0,0,0,0,0,
601,Ryan McKenna,27,BAL,AL,0.1,9,9,8,3,3,0,0,2,2,0,1,1,1,0.375,0.444,1.125,1.569,341,0.563,326,9,0,0,0,0,0,
601,Ryan McKenna,27,SFG,NL,0,4,6,6,1,0,0,0,0,0,1,0,0,4,0,0,0,0,-100,0.041,-119,0,0,0,0,0,0,
602,Darren Baker*,25,WSN,NL,0,9,14,14,1,7,2,0,0,0,0,0,0,3,0.5,0.5,0.643,1.143,223,0.483,224,9,0,0,0,0,0,
603,Hunter Feduccia*,27,LAD,NL,0.1,5,14,12,2,4,0,0,0,1,0,0,2,2,0.333,0.429,0.333,0.762,123,0.354,132,4,1,0,0,0,0,
604,DaShawn Keirsey*,27,MIN,AL,0,6,14,13,1,2,0,0,1,1,0,0,0,1,0.154,0.214,0.385,0.599,64,0.254,55,5,0,1,0,0,0,
605,Luis Vázquez,24,CHC,NL,-0.2,11,14,12,2,1,0,0,0,1,0,0,0,6,0.083,0.143,0.083,0.226,-33,0.109,-48,1,1,1,0,1,0,
606,Brandon Lockridge,27,SDP,NL,0,12,12,12,4,2,0,0,1,1,2,0,0,4,0.167,0.167,0.417,0.583,56,0.275,42,5,0,0,0,0,0,
607,Bryce Teodosio,25,LAA,AL,-0.2,5,12,12,1,1,0,0,0,0,0,0,0,5,0.083,0.083,0.083,0.167,-52,0.141,-24,1,0,0,0,0,0,
608,Eddy Alvarez*,34,NYM,NL,0.1,12,11,9,2,0,0,0,0,0,0,0,1,2,0,0.182,0,0.182,-41,0.128,-31,0,0,1,0,0,0,
609,Levi Jordan,28,CIN,NL,-0.2,7,11,10,1,1,1,0,0,1,0,0,0,3,0.1,0.091,0.2,0.291,-24,0.113,-53,2,0,0,0,1,0,
610,Oswald Peraza,24,NYY,AL,0.1,4,11,10,2,2,0,0,1,1,0,0,1,3,0.2,0.273,0.5,0.773,113,0.329,110,5,0,0,0,0,0,
611,Kevin Alcántara,21,CHC,NL,-0.2,3,10,10,1,1,0,0,0,0,0,0,0,1,0.1,0.1,0.1,0.2,-43,0.08,-69,1,0,0,0,0,0,
612,Matt Duffy,33,TEX,AL,0.2,4,10,7,2,2,0,0,0,0,0,0,2,1,0.286,0.5,0.286,0.786,135,0.388,156,2,0,1,0,0,0,
613,Michael Helman,28,MIN,AL,0.1,9,10,10,2,3,2,0,0,0,0,0,0,3,0.3,0.3,0.5,0.8,120,0.329,109,5,0,0,0,0,0,
614,Tony Kemp*,32,BAL,AL,-0.2,5,10,9,1,0,0,0,0,0,0,0,1,1,0,0.1,0,0.1,-67,0.069,-67,0,0,0,0,0,0,
615,J.P. Martínez*,28,ATL,NL,0,7,10,10,2,2,1,0,0,0,1,0,0,4,0.2,0.2,0.3,0.5,37,0.328,89,3,0,0,0,0,0,
616,Liover Peguero,23,PIT,NL,-0.1,3,10,10,0,2,1,0,0,2,0,0,0,3,0.2,0.2,0.3,0.5,37,0.204,17,3,0,0,0,0,0,
617,Edwin Ríos*,30,CIN,NL,-0.1,5,10,9,1,1,0,0,0,0,0,0,1,4,0.111,0.2,0.111,0.311,-11,0.159,-21,1,0,0,0,0,0,
618,Rob Brantly*,34,TBR,AL,0,3,9,9,0,1,0,0,0,0,0,0,0,2,0.111,0.111,0.111,0.222,-36,0.099,-51,1,0,0,0,0,0,
619,Vinny Capra,27,MIL,NL,-0.1,3,9,9,1,1,1,0,0,0,0,0,0,3,0.111,0.111,0.222,0.333,-11,0.138,-31,2,1,0,0,0,0,
620,David Fletcher,30,ATL,NL,0,5,9,8,0,2,0,0,0,2,0,0,0,1,0.25,0.222,0.25,0.472,32,0.188,6,2,0,0,0,1,0,
621,Cade Marlowe*,27,SEA,AL,0,8,9,8,1,2,0,0,0,0,0,0,1,1,0.25,0.333,0.25,0.583,77,0.275,82,2,1,0,0,0,0,
622,CJ Alexander*,27,KCR,AL,-0.2,4,8,8,0,1,0,0,0,0,0,0,0,3,0.125,0.125,0.125,0.25,-29,0.112,-48,1,0,0,0,0,0,
623,Conner Capel*,27,CIN,NL,-0.1,5,8,8,1,2,0,0,0,0,1,0,0,2,0.25,0.25,0.25,0.5,38,0.254,27,2,0,0,0,0,0,
624,Diego Castillo,26,MIN,AL,0.2,4,8,6,3,2,1,0,0,2,0,0,2,1,0.333,0.5,0.5,1,184,0.439,189,3,0,0,0,0,0,
625,Cooper Hummel#,29,HOU,AL,-0.1,6,8,8,0,0,0,0,0,0,1,0,0,2,0,0,0,0,-100,0.143,-42,0,1,0,0,0,0,
626,Grant Koch,27,PIT,NL,-0.1,3,8,7,1,0,0,0,0,0,0,0,1,6,0,0.125,0,0.125,-61,0.086,-69,0,0,0,0,0,0,
627,Taylor Trammell*,26,2TM,2LG,-0.2,10,8,7,2,1,0,0,0,0,0,0,1,3,0.143,0.25,0.143,0.393,17,0.198,16,1,0,0,0,0,0,
627,Taylor Trammell*,26,LAD,NL,-0.2,5,6,6,0,0,0,0,0,0,0,0,0,3,0,0,0,0,-100,0,-123,0,0,0,0,0,0,
627,Taylor Trammell*,26,NYY,AL,-0.1,5,2,1,2,1,0,0,0,0,0,0,1,0,1,1,1,2,472,0.79,435,1,0,0,0,0,0,
628,Jair Camargo,24,MIN,AL,-0.1,5,7,6,1,0,0,0,0,0,0,0,1,3,0,0.143,0,0.143,-54,0.098,-57,0,0,0,0,0,0,
629,Aramis Garcia,31,PHI,NL,-0.1,3,7,7,0,0,0,0,0,0,0,0,0,3,0,0,0,0,-100,0,-129,0,1,0,0,0,0,
630,Dustin Harris*,24,TEX,AL,0.2,2,7,6,1,2,1,0,1,3,0,0,1,2,0.333,0.429,1,1.429,294,0.568,285,6,0,0,0,0,0,
631,Stone Garrett,28,WSN,NL,0.3,2,6,5,2,3,1,0,1,3,0,0,1,0,0.6,0.667,1.4,2.067,468,0.807,455,7,0,0,0,0,0,
632,Greg Jones#,26,COL,NL,0.1,6,6,5,1,1,0,0,1,1,0,0,1,4,0.2,0.333,0.8,1.133,194,0.451,188,4,0,0,0,0,0,
633,Andrew Knapp#,32,SFG,NL,-0.1,3,6,6,0,1,0,0,0,0,0,0,0,2,0.167,0.167,0.167,0.333,-3,0.133,-25,1,0,0,0,0,0,
634,Brian Anderson,31,ATL,NL,-0.2,3,5,5,0,0,0,0,0,0,0,0,0,2,0,0,0,0,-100,0,-132,0,1,0,0,0,0,
635,Sandro Fabian,26,TEX,AL,-0.1,3,5,5,0,0,0,0,0,0,0,0,0,0,0,0,0,0,-100,0,-121,0,0,0,0,0,0,
636,Tyler Gentry,25,KCR,AL,-0.1,3,5,5,0,0,0,0,0,0,0,0,0,2,0,0,0,0,-100,0,-125,0,0,0,0,0,0,
637,Brewer Hicklen,28,MIL,NL,-0.2,3,5,5,0,0,0,0,0,0,1,0,0,4,0,0,0,0,-100,0.049,-130,0,0,0,0,0,0,
638,Nick Maton*,27,BAL,AL,-0.1,5,5,5,0,0,0,0,0,0,0,0,0,2,0,0,0,0,-100,0,-116,0,0,0,0,0,0,
639,Samad Taylor,25,SEA,AL,0.1,3,5,5,2,2,0,0,0,0,0,0,0,1,0.4,0.4,0.4,0.8,139,0.338,128,2,0,0,0,0,0,
640,Duke Ellis*,26,2TM,AL,-0.1,11,5,5,1,1,0,0,0,0,5,0,0,2,0.2,0.2,0.2,0.4,16,0.427,11,1,0,0,0,0,0,
640,Duke Ellis*,26,CHW,AL,-0.2,8,4,4,1,0,0,0,0,0,4,0,0,2,0,0,0,0,-100,0.248,-118,0,0,0,0,0,0,
640,Duke Ellis*,26,NYY,AL,0.1,3,1,1,0,1,0,0,0,0,1,0,0,0,1,1,1,2,473,1.142,536,1,0,0,0,0,0,
641,José Devers*,24,MIA,NL,0.1,3,4,4,1,1,0,0,0,0,0,0,0,1,0.25,0.25,0.25,0.5,37,0.224,26,1,0,0,0,0,0,
642,Sam Huff,26,TEX,AL,0,3,4,3,0,0,0,0,0,0,0,0,1,2,0,0.25,0,0.25,-19,0.172,0,0,0,0,0,0,0,
643,Myles Straw,29,CLE,AL,-0.1,7,4,4,2,1,0,0,0,0,2,0,0,0,0.25,0.25,0.25,0.5,44,0.348,38,1,0,0,0,0,0,
644,Matthew Batten,29,SDP,NL,0.1,1,3,3,0,1,0,1,0,0,0,0,0,0,0.333,0.333,1,1.333,253,0.523,250,3,0,0,0,0,0,
645,Orelvis Martínez,22,TOR,AL,0,1,3,3,0,1,0,0,0,0,0,0,0,1,0.333,0.333,0.333,0.667,92,0.298,91,1,0,0,0,0,0,
646,David Bañuelos,27,BAL,AL,,1,1,1,0,0,0,0,0,0,0,0,0,0,0,0,0,0,-100,0,-127,0,0,0,0,0,0,
647,Luis Castillo,31,SEA,AL,0,1,1,1,0,0,0,0,0,0,0,0,0,1,0,0,0,0,-100,0,-118,0,0,0,0,0,0,
648,Daniel Johnson*,28,BAL,AL,0,1,1,1,1,0,0,0,0,0,0,0,0,0,0,0,0,0,-100,0,-127,0,0,0,0,0,0,
649,Scott McGough,34,ARI,NL,0,2,1,1,0,0,0,0,0,0,0,0,0,1,0,0,0,0,-100,0,-136,0,0,0,0,0,0,
650,Chris Roller,27,MIL,NL,0,1,1,1,0,0,0,0,0,0,0,0,0,1,0,0,0,0,-100,0,-136,0,0,0,0,0,0,
651,Eric Yang,26,CIN,NL,,1,1,1,0,0,0,0,0,0,0,0,0,1,0,0,0,0,-100,0,-145,0,0,0,0,0,0,
652,Chase Anderson,36,BOS,AL,0,1,0,0,0,0,0,0,0,0,0,0,0,0,,,,,,,,0,0,0,0,0,0,
653,Pedro Avila,27,CLE,AL,0,1,0,0,0,0,0,0,0,0,0,0,0,0,,,,,,,,0,0,0,0,0,0,
654,Mike Baumann,28,2TM,AL,0,2,0,0,0,0,0,0,0,0,0,0,0,0,,,,,,,,0,0,0,0,0,0,
654,Mike Baumann,28,BAL,AL,0,1,0,0,0,0,0,0,0,0,0,0,0,0,,,,,,,,0,0,0,0,0,0,
654,Mike Baumann,28,SEA,AL,0,1,0,0,0,0,0,0,0,0,0,0,0,0,,,,,,,,0,0,0,0,0,0,
655,Jalen Beeks*,30,COL,NL,0,2,0,0,0,0,0,0,0,0,0,0,0,0,,,,,,,,0,0,0,0,0,0,
656,Brennan Bernardino*,32,BOS,AL,0,1,0,0,0,0,0,0,0,0,0,0,0,0,,,,,,,,0,0,0,0,0,0,
657,John Brebbia*,34,CHW,AL,0,1,0,0,0,0,0,0,0,0,0,0,0,0,,,,,,,,0,0,0,0,0,0,
658,Jhony Brito,26,SDP,NL,0,1,0,0,0,0,0,0,0,0,0,0,0,0,,,,,,,,0,0,0,0,0,0,
659,Kris Bubic*,26,KCR,AL,0,1,0,0,0,0,0,0,0,0,0,0,0,0,,,,,,,,0,0,0,0,0,0,
660,Génesis Cabrera*,27,TOR,AL,0,1,0,0,0,0,0,0,0,0,0,0,0,0,,,,,,,,0,0,0,0,0,0,
661,Isaiah Campbell,26,BOS,AL,0,2,0,0,0,0,0,0,0,0,0,0,0,0,,,,,,,,0,0,0,0,0,0,
662,Danny Coulombe*,34,BAL,AL,0,1,0,0,0,0,0,0,0,0,0,0,0,0,,,,,,,,0,0,0,0,0,0,
663,Jeff Criswell,25,COL,NL,0,1,0,0,0,0,0,0,0,0,0,0,0,0,,,,,,,,0,0,0,0,0,0,
664,Fernando Cruz#,34,CIN,NL,0,1,0,0,0,0,0,0,0,0,0,0,0,0,,,,,,,,0,0,0,0,0,0,
665,Alexis Díaz,27,CIN,NL,0,1,0,0,0,0,0,0,0,0,0,0,0,0,,,,,,,,0,0,0,0,0,0,
666,Edwin Díaz,30,NYM,NL,0,1,0,0,0,0,0,0,0,0,0,0,0,0,,,,,,,,0,0,0,0,0,0,
667,Jake Diekman,37,NYM,NL,0,1,0,0,0,0,0,0,0,0,0,0,0,0,,,,,,,,0,0,0,0,0,0,
668,Seranthony Domínguez,29,BAL,AL,0,1,0,0,0,0,0,0,0,0,0,0,0,0,,,,,,,,0,0,0,0,0,0,
669,Mason Englert#,24,DET,AL,0,1,0,0,0,0,0,0,0,0,0,0,0,0,,,,,,,,0,0,0,0,0,0,
670,Buck Farmer*,33,CIN,NL,0,1,0,0,0,0,0,0,0,0,0,0,0,0,,,,,,,,0,0,0,0,0,0,
671,Ryan Fernandez,26,STL,NL,0,2,0,0,0,0,0,0,0,0,0,0,0,0,,,,,,,,0,0,0,0,0,0,
672,Kyle Finnegan,32,WSN,NL,0,1,0,0,0,0,0,0,0,0,0,0,0,0,,,,,,,,0,0,0,0,0,0,
673,Jason Foley,28,DET,AL,0,1,0,0,0,0,0,0,0,0,0,0,0,0,,,,,,,,0,0,0,0,0,0,
674,Kyle Freeland*,31,COL,NL,0,2,0,0,0,0,0,0,0,0,0,0,0,0,,,,,,,,0,0,0,0,0,0,
675,Luis Frías,26,ARI,NL,0,1,0,0,0,0,0,0,0,0,0,0,0,0,,,,,,,,0,0,0,0,0,0,
676,Hunter Gaddis,26,CLE,AL,0,1,0,0,0,0,0,0,0,0,0,0,0,0,,,,,,,,0,0,0,0,0,0,
677,Kevin Ginkel*,30,ARI,NL,0,2,0,0,0,0,0,0,0,0,0,0,0,0,,,,,,,,0,0,0,0,0,0,
678,Chad Green*,33,TOR,AL,0,1,0,0,0,0,0,0,0,0,0,0,0,0,,,,,,,,0,0,0,0,0,0,
679,Josh Hader*,30,HOU,AL,0,3,0,0,0,0,0,0,0,0,0,0,0,0,,,,,,,,0,0,0,0,0,0,
680,Seth Halvorsen,24,COL,NL,0,1,0,0,0,0,0,0,0,0,0,0,0,0,,,,,,,,0,0,0,0,0,0,
681,Hunter Harvey,29,KCR,AL,0,1,0,0,0,0,0,0,0,0,0,0,0,0,,,,,,,,0,0,0,0,0,0,
682,Jonathan Heasley,27,BAL,AL,0,1,0,0,0,0,0,0,0,0,0,0,0,0,,,,,,,,0,0,0,0,0,0,
683,Ryan Helsley,29,STL,NL,0,2,0,0,0,0,0,0,0,0,0,0,0,0,,,,,,,,0,0,0,0,0,0,
684,Kevin Herget*,33,MIL,NL,0,1,0,0,0,0,0,0,0,0,0,0,0,0,,,,,,,,0,0,0,0,0,0,
685,Jonathan Hernández,27,TEX,AL,0,1,0,0,0,0,0,0,0,0,0,0,0,0,,,,,,,,0,0,0,0,0,0,
686,Porter Hodge,23,CHC,NL,0,1,0,0,0,0,0,0,0,0,0,0,0,0,,,,,,,,0,0,0,0,0,0,
687,Spencer Howard,27,CLE,AL,0,1,0,0,0,0,0,0,0,0,0,0,0,0,,,,,,,,0,0,0,0,0,0,
688,Joe Hudson,33,NYM,NL,0,1,0,0,0,0,0,0,0,0,0,0,0,0,,,,,,,,0,0,0,0,0,0,
689,Kenley Jansen#,36,BOS,AL,0,1,0,0,0,0,0,0,0,0,0,0,0,0,,,,,,,,0,0,0,0,0,0,
690,Bryce Jarvis*,26,ARI,NL,0,2,0,0,0,0,0,0,0,0,0,0,0,0,,,,,,,,0,0,0,0,0,0,
691,Craig Kimbrel,36,BAL,AL,0,1,0,0,0,0,0,0,0,0,0,0,0,0,,,,,,,,0,0,0,0,0,0,
692,Bryan King,27,HOU,AL,0,1,0,0,0,0,0,0,0,0,0,0,0,0,,,,,,,,0,0,0,0,0,0,
693,John King*,29,STL,NL,0,1,0,0,0,0,0,0,0,0,0,0,0,0,,,,,,,,0,0,0,0,0,0,
694,Tyler Kinley,33,COL,NL,0,2,0,0,0,0,0,0,0,0,0,0,0,0,,,,,,,,0,0,0,0,0,0,
695,Andrew Kittredge,34,STL,NL,0,1,0,0,0,0,0,0,0,0,0,0,0,0,,,,,,,,0,0,0,0,0,0,
696,Matt Koch*,33,COL,NL,0,1,0,0,0,0,0,0,0,0,0,0,0,0,,,,,,,,0,0,0,0,0,0,
697,Michael Kopech,28,CHW,AL,0,1,0,0,0,0,0,0,0,0,0,0,0,0,,,,,,,,0,0,0,0,0,0,
698,Peter Lambert,27,COL,NL,0,1,0,0,0,0,0,0,0,0,0,0,0,0,,,,,,,,0,0,0,0,0,0,
699,Jacob Latz,28,TEX,AL,0,1,0,0,0,0,0,0,0,0,0,0,0,0,,,,,,,,0,0,0,0,0,0,
700,Derek Law,33,WSN,NL,0,1,0,0,0,0,0,0,0,0,0,0,0,0,,,,,,,,0,0,0,0,0,0,
701,Justin Lawrence,29,COL,NL,0,2,0,0,0,0,0,0,0,0,0,0,0,0,,,,,,,,0,0,0,0,0,0,
702,Kyle Leahy#,27,STL,NL,0,1,0,0,0,0,0,0,0,0,0,0,0,0,,,,,,,,0,0,0,0,0,0,
703,José Leclerc,30,TEX,AL,0,1,0,0,0,0,0,0,0,0,0,0,0,0,,,,,,,,0,0,0,0,0,0,
704,Jorge López,31,NYM,NL,0,1,0,0,0,0,0,0,0,0,0,0,0,0,,,,,,,,0,0,0,0,0,0,
705,Joe Mantiply,33,ARI,NL,0,1,0,0,0,0,0,0,0,0,0,0,0,0,,,,,,,,0,0,0,0,0,0,
706,Chris Martin,38,BOS,AL,0,2,0,0,0,0,0,0,0,0,0,0,0,0,,,,,,,,0,0,0,0,0,0,
707,Justin Martínez,22,ARI,NL,0,2,0,0,0,0,0,0,0,0,0,0,0,0,,,,,,,,0,0,0,0,0,0,
708,James McArthur,27,KCR,AL,0,2,0,0,0,0,0,0,0,0,0,0,0,0,,,,,,,,0,0,0,0,0,0,
709,Nick Mears,27,COL,NL,0,1,0,0,0,0,0,0,0,0,0,0,0,0,,,,,,,,0,0,0,0,0,0,
710,Trevor Megill*,30,MIL,NL,0,1,0,0,0,0,0,0,0,0,0,0,0,0,,,,,,,,0,0,0,0,0,0,
711,Julian Merryweather,32,CHC,NL,0,1,0,0,0,0,0,0,0,0,0,0,0,0,,,,,,,,0,0,0,0,0,0,
712,Hoby Milner*,33,MIL,NL,0,1,0,0,0,0,0,0,0,0,0,0,0,0,,,,,,,,0,0,0,0,0,0,
713,Héctor Neris,35,CHC,NL,0,1,0,0,0,0,0,0,0,0,0,0,0,0,,,,,,,,0,0,0,0,0,0,
714,Joel Payamps,30,MIL,NL,0,1,0,0,0,0,0,0,0,0,0,0,0,0,,,,,,,,0,0,0,0,0,0,
715,Elvis Peguero,27,MIL,NL,0,1,0,0,0,0,0,0,0,0,0,0,0,0,,,,,,,,0,0,0,0,0,0,
716,Zach Penrod*,27,BOS,AL,0,1,0,0,0,0,0,0,0,0,0,0,0,0,,,,,,,,0,0,0,0,0,0,
717,Ryan Pressly,35,HOU,AL,0,2,0,0,0,0,0,0,0,0,0,0,0,0,,,,,,,,0,0,0,0,0,0,
718,A.J. Puk*,29,ARI,NL,0,1,0,0,0,0,0,0,0,0,0,0,0,0,,,,,,,,0,0,0,0,0,0,
719,José Quijada*,28,LAA,AL,0,1,0,0,0,0,0,0,0,0,0,0,0,0,,,,,,,,0,0,0,0,0,0,
720,David Robertson,39,TEX,AL,0,2,0,0,0,0,0,0,0,0,0,0,0,0,,,,,,,,0,0,0,0,0,0,
721,Yerry Rodríguez,26,TEX,AL,0,1,0,0,0,0,0,0,0,0,0,0,0,0,,,,,,,,0,0,0,0,0,0,
722,JoJo Romero*,27,STL,NL,0,1,0,0,0,0,0,0,0,0,0,0,0,0,,,,,,,,0,0,0,0,0,0,
723,Paul Sewald,34,ARI,NL,0,1,0,0,0,0,0,0,0,0,0,0,0,0,,,,,,,,0,0,0,0,0,0,
724,Chase Shugart*,27,BOS,AL,0,1,0,0,0,0,0,0,0,0,0,0,0,0,,,,,,,,0,0,0,0,0,0,
725,Lucas Sims,30,CIN,NL,0,1,0,0,0,0,0,0,0,0,0,0,0,0,,,,,,,,0,0,0,0,0,0,
726,Kevin Smith,27,NYY,AL,0,2,0,0,0,0,0,0,0,0,0,0,0,0,,,,,,,,0,0,0,0,0,0,
727,Ryne Stanek,32,SEA,AL,0,1,0,0,0,0,0,0,0,0,0,0,0,0,,,,,,,,0,0,0,0,0,0,
728,Albert Suárez,34,BAL,AL,0,1,0,0,0,0,0,0,0,0,0,0,0,0,,,,,,,,0,0,0,0,0,0,
729,Ryan Thompson,32,ARI,NL,0,1,0,0,0,0,0,0,0,0,0,0,0,0,,,,,,,,0,0,0,0,0,0,
730,Trent Thornton,30,SEA,AL,0,1,0,0,0,0,0,0,0,0,0,0,0,0,,,,,,,,0,0,0,0,0,0,
731,José Ureña,32,TEX,AL,0,2,0,0,0,0,0,0,0,0,0,0,0,0,,,,,,,,0,0,0,0,0,0,
732,Victor Vodnik,24,COL,NL,0,1,0,0,0,0,0,0,0,0,0,0,0,0,,,,,,,,0,0,0,0,0,0,
733,Austin Voth,32,SEA,AL,0,1,0,0,0,0,0,0,0,0,0,0,0,0,,,,,,,,0,0,0,0,0,0,
734,Jacob Webb,30,BAL,AL,0,1,0,0,0,0,0,0,0,0,0,0,0,0,,,,,,,,0,0,0,0,0,0,
735,Mitch White,29,MIL,NL,0,1,0,0,0,0,0,0,0,0,0,0,0,0,,,,,,,,0,0,0,0,0,0,
736,Owen White,24,TEX,AL,0,1,0,0,0,0,0,0,0,0,0,0,0,0,,,,,,,,0,0,0,0,0,0,
737,Justin Wilson*,36,CIN,NL,0,1,0,0,0,0,0,0,0,0,0,0,0,0,,,,,,,,0,0,0,0,0,0,
738,Josh Winckowski,26,BOS,AL,0,1,0,0,0,0,0,0,0,0,0,0,0,0,,,,,,,,0,0,0,0,0,0,
739,Kirby Yates*,37,TEX,AL,0,3,0,0,0,0,0,0,0,0,0,0,0,0,,,,,,,,0,0,0,0,0,0,
740,Alex Young*,30,CIN,NL,0,1,0,0,0,0,0,0,0,0,0,0,0,0,,,,,,,,0,0,0,0,0,0,
741,Guillo Zuñiga,25,LAA,AL,0,1,0,0,0,0,0,0,0,0,0,0,0,0,,,,,,,,0,0,0,0,0,0,
,MLB Average,,,,,,,,,,,,,,,,,,,,,,,,,,,,,,,